x_axis,channel_2
10.0,0j
9.99875,0j
9.9975,0j
9.99625,0j
9.995,0j
9.99375,0j
9.9925,0j
9.99125,0j
9.99,0j
9.98875,0j
9.9875,0j
9.98625,0j
9.985,0j
9.98375,0j
9.9825,0j
9.98125,0j
9.98,0j
9.97875,0j
9.9775,0j
9.97625,0j
9.975,0j
9.97375,0j
9.9725,0j
9.97125,0j
9.97,0j
9.96875,0j
9.9675,0j
9.96625,0j
9.965,0j
9.96375,0j
9.9625,0j
9.96125,0j
9.96,0j
9.95875,0j
9.9575,0j
9.95625,0j
9.955,0j
9.95375,0j
9.9525,0j
9.95125,0j
9.95,0j
9.94875,0j
9.9475,0j
9.94625,0j
9.945,0j
9.94375,0j
9.9425,0j
9.94125,0j
9.94,0j
9.93875,0j
9.9375,0j
9.93625,0j
9.935,0j
9.93375,0j
9.9325,0j
9.93125,0j
9.93,0j
9.92875,0j
9.9275,0j
9.92625,0j
9.925,0j
9.92375,0j
9.9225,0j
9.92125,0j
9.92,0j
9.91875,0j
9.9175,0j
9.91625,0j
9.915,0j
9.91375,0j
9.9125,0j
9.91125,0j
9.91,0j
9.90875,0j
9.9075,0j
9.90625,0j
9.905,0j
9.90375,0j
9.9025,0j
9.90125,0j
9.9,0j
9.89875,0j
9.8975,0j
9.89625,0j
9.895,0j
9.89375,0j
9.8925,0j
9.89125,0j
9.89,0j
9.88875,0j
9.8875,0j
9.88625,0j
9.885,0j
9.88375,0j
9.8825,0j
9.88125,0j
9.88,0j
9.87875,0j
9.8775,0j
9.87625,0j
9.875,0j
9.87375,0j
9.8725,0j
9.87125,0j
9.87,0j
9.86875,0j
9.8675,0j
9.86625,0j
9.865,0j
9.86375,0j
9.8625,0j
9.86125,0j
9.86,0j
9.85875,0j
9.8575,0j
9.85625,0j
9.855,0j
9.85375,0j
9.8525,0j
9.85125,0j
9.85,0j
9.84875,0j
9.8475,0j
9.84625,0j
9.845,0j
9.84375,0j
9.8425,0j
9.84125,0j
9.84,0j
9.83875,0j
9.8375,0j
9.83625,0j
9.835,0j
9.83375,0j
9.8325,0j
9.83125,0j
9.83,0j
9.82875,0j
9.8275,0j
9.82625,0j
9.825,0j
9.82375,0j
9.8225,0j
9.82125,0j
9.82,0j
9.81875,0j
9.8175,0j
9.81625,0j
9.815,0j
9.81375,0j
9.8125,0j
9.81125,0j
9.81,0j
9.80875,0j
9.8075,0j
9.80625,0j
9.805,0j
9.80375,0j
9.8025,0j
9.80125,0j
9.8,0j
9.79875,0j
9.7975,0j
9.79625,0j
9.795,0j
9.79375,0j
9.7925,0j
9.79125,0j
9.79,0j
9.78875,0j
9.7875,0j
9.78625,0j
9.785,0j
9.78375,0j
9.7825,0j
9.78125,0j
9.78,0j
9.77875,0j
9.7775,0j
9.77625,0j
9.775,0j
9.77375,0j
9.7725,0j
9.77125,0j
9.77,0j
9.76875,0j
9.7675,0j
9.76625,0j
9.765,0j
9.76375,0j
9.7625,0j
9.76125,0j
9.76,0j
9.75875,0j
9.7575,0j
9.75625,0j
9.755,0j
9.75375,0j
9.7525,0j
9.75125,0j
9.75,0j
9.74875,0j
9.7475,0j
9.74625,0j
9.745,0j
9.74375,0j
9.7425,0j
9.74125,0j
9.74,0j
9.73875,0j
9.7375,0j
9.73625,0j
9.735,0j
9.73375,0j
9.7325,0j
9.73125,0j
9.73,0j
9.72875,0j
9.7275,0j
9.72625,0j
9.725,0j
9.72375,0j
9.7225,0j
9.72125,0j
9.72,0j
9.71875,0j
9.7175,0j
9.71625,0j
9.715,0j
9.71375,0j
9.7125,0j
9.71125,0j
9.71,0j
9.70875,0j
9.7075,0j
9.70625,0j
9.705,0j
9.70375,0j
9.7025,0j
9.70125,0j
9.7,0j
9.69875,0j
9.6975,0j
9.69625,0j
9.695,0j
9.69375,0j
9.6925,0j
9.69125,0j
9.69,0j
9.68875,0j
9.6875,0j
9.68625,0j
9.685,0j
9.68375,0j
9.6825,0j
9.68125,0j
9.68,0j
9.67875,0j
9.6775,0j
9.67625,0j
9.675,0j
9.67375,0j
9.6725,0j
9.67125,0j
9.67,0j
9.66875,0j
9.6675,0j
9.66625,0j
9.665,0j
9.66375,0j
9.6625,0j
9.66125,0j
9.66,0j
9.65875,0j
9.6575,0j
9.65625,0j
9.655,0j
9.65375,0j
9.6525,0j
9.65125,0j
9.65,0j
9.64875,0j
9.6475,0j
9.64625,0j
9.645,0j
9.64375,0j
9.6425,0j
9.64125,0j
9.64,0j
9.63875,0j
9.6375,0j
9.63625,0j
9.635,0j
9.63375,0j
9.6325,0j
9.63125,0j
9.63,0j
9.62875,0j
9.6275,0j
9.62625,0j
9.625,0j
9.62375,0j
9.6225,0j
9.62125,0j
9.62,0j
9.61875,0j
9.6175,0j
9.61625,0j
9.615,0j
9.61375,0j
9.6125,0j
9.61125,0j
9.61,0j
9.60875,0j
9.6075,0j
9.60625,0j
9.605,0j
9.60375,0j
9.6025,0j
9.60125,0j
9.6,0j
9.59875,0j
9.5975,0j
9.59625,0j
9.595,0j
9.59375,0j
9.5925,0j
9.59125,0j
9.59,0j
9.58875,0j
9.5875,0j
9.58625,0j
9.585,0j
9.58375,0j
9.5825,0j
9.58125,0j
9.58,0j
9.57875,0j
9.5775,0j
9.57625,0j
9.575,0j
9.57375,0j
9.5725,0j
9.57125,0j
9.57,0j
9.56875,0j
9.5675,0j
9.56625,0j
9.565,0j
9.56375,0j
9.5625,0j
9.56125,0j
9.56,0j
9.55875,0j
9.5575,0j
9.55625,0j
9.555,0j
9.55375,0j
9.5525,0j
9.55125,0j
9.55,0j
9.54875,0j
9.5475,0j
9.54625,0j
9.545,0j
9.54375,0j
9.5425,0j
9.54125,0j
9.54,0j
9.53875,0j
9.5375,0j
9.53625,0j
9.535,0j
9.53375,0j
9.5325,0j
9.53125,0j
9.53,0j
9.52875,0j
9.5275,0j
9.52625,0j
9.525,0j
9.52375,0j
9.5225,0j
9.52125,0j
9.52,0j
9.51875,0j
9.5175,0j
9.51625,0j
9.515,0j
9.51375,0j
9.5125,0j
9.51125,0j
9.51,0j
9.50875,0j
9.5075,0j
9.50625,0j
9.505,0j
9.50375,0j
9.5025,0j
9.50125,0j
9.5,0j
9.49875,0j
9.4975,0j
9.49625,0j
9.495,0j
9.49375,0j
9.4925,0j
9.49125,0j
9.49,0j
9.48875,0j
9.4875,0j
9.48625,0j
9.485,0j
9.48375,0j
9.4825,0j
9.48125,0j
9.48,0j
9.47875,0j
9.4775,0j
9.47625,0j
9.475,0j
9.47375,0j
9.4725,0j
9.47125,0j
9.47,0j
9.46875,0j
9.4675,0j
9.46625,0j
9.465,0j
9.46375,0j
9.4625,0j
9.46125,0j
9.46,0j
9.45875,0j
9.4575,0j
9.45625,0j
9.455,0j
9.45375,0j
9.4525,0j
9.45125,0j
9.45,0j
9.44875,0j
9.4475,0j
9.44625,0j
9.445,0j
9.44375,0j
9.4425,0j
9.44125,0j
9.44,0j
9.43875,0j
9.4375,0j
9.43625,0j
9.435,0j
9.43375,0j
9.4325,0j
9.43125,0j
9.43,0j
9.42875,0j
9.4275,0j
9.42625,0j
9.425,0j
9.42375,0j
9.4225,0j
9.42125,0j
9.42,0j
9.41875,0j
9.4175,0j
9.41625,0j
9.415,0j
9.41375,0j
9.4125,0j
9.41125,0j
9.41,0j
9.40875,0j
9.4075,0j
9.40625,0j
9.405,0j
9.40375,0j
9.4025,0j
9.40125,0j
9.4,0j
9.39875,0j
9.3975,0j
9.39625,0j
9.395,0j
9.39375,0j
9.3925,0j
9.39125,0j
9.39,0j
9.38875,0j
9.3875,0j
9.38625,0j
9.385,0j
9.38375,0j
9.3825,0j
9.38125,0j
9.38,0j
9.37875,0j
9.3775,0j
9.37625,0j
9.375,0j
9.37375,0j
9.3725,0j
9.37125,0j
9.37,0j
9.36875,0j
9.3675,0j
9.36625,0j
9.365,0j
9.36375,0j
9.3625,0j
9.36125,0j
9.36,0j
9.35875,0j
9.3575,0j
9.35625,0j
9.355,0j
9.35375,0j
9.3525,0j
9.35125,0j
9.35,0j
9.34875,0j
9.3475,0j
9.34625,0j
9.345,0j
9.34375,0j
9.3425,0j
9.34125,0j
9.34,0j
9.33875,0j
9.3375,0j
9.33625,0j
9.335,0j
9.33375,0j
9.3325,0j
9.33125,0j
9.33,0j
9.32875,0j
9.3275,0j
9.32625,0j
9.325,0j
9.32375,0j
9.3225,0j
9.32125,0j
9.32,0j
9.31875,0j
9.3175,0j
9.31625,0j
9.315,0j
9.31375,0j
9.3125,0j
9.31125,0j
9.31,0j
9.30875,0j
9.3075,0j
9.30625,0j
9.305,0j
9.30375,0j
9.3025,0j
9.30125,0j
9.3,0j
9.29875,0j
9.2975,0j
9.29625,0j
9.295,0j
9.29375,0j
9.2925,0j
9.29125,0j
9.29,0j
9.28875,0j
9.2875,0j
9.28625,0j
9.285,0j
9.28375,0j
9.2825,0j
9.28125,0j
9.28,0j
9.27875,0j
9.2775,0j
9.27625,0j
9.275,0j
9.27375,0j
9.2725,0j
9.27125,0j
9.27,0j
9.26875,0j
9.2675,0j
9.26625,0j
9.265,0j
9.26375,0j
9.2625,0j
9.26125,0j
9.26,0j
9.25875,0j
9.2575,0j
9.25625,0j
9.255,0j
9.25375,0j
9.2525,0j
9.25125,0j
9.25,0j
9.24875,0j
9.2475,0j
9.24625,0j
9.245,0j
9.24375,0j
9.2425,0j
9.24125,0j
9.24,0j
9.23875,0j
9.2375,0j
9.23625,0j
9.235,0j
9.23375,0j
9.2325,0j
9.23125,0j
9.23,0j
9.22875,0j
9.2275,0j
9.22625,0j
9.225,0j
9.22375,0j
9.2225,0j
9.22125,0j
9.22,0j
9.21875,0j
9.2175,0j
9.21625,0j
9.215,0j
9.21375,0j
9.2125,0j
9.21125,0j
9.21,0j
9.20875,0j
9.2075,0j
9.20625,0j
9.205,0j
9.20375,0j
9.2025,0j
9.20125,0j
9.2,0j
9.19875,0j
9.1975,0j
9.19625,0j
9.195,0j
9.19375,0j
9.1925,0j
9.19125,0j
9.19,0j
9.18875,0j
9.1875,0j
9.18625,0j
9.185,0j
9.18375,0j
9.1825,0j
9.18125,0j
9.18,0j
9.17875,0j
9.1775,0j
9.17625,0j
9.175,0j
9.17375,0j
9.1725,0j
9.17125,0j
9.17,0j
9.16875,0j
9.1675,0j
9.16625,0j
9.165,0j
9.16375,0j
9.1625,0j
9.16125,0j
9.16,0j
9.15875,0j
9.1575,0j
9.15625,0j
9.155,0j
9.15375,0j
9.1525,0j
9.15125,0j
9.15,0j
9.14875,0j
9.1475,0j
9.14625,0j
9.145,0j
9.14375,0j
9.1425,0j
9.14125,0j
9.14,0j
9.13875,0j
9.1375,0j
9.13625,0j
9.135,0j
9.13375,0j
9.1325,0j
9.13125,0j
9.13,0j
9.12875,0j
9.1275,0j
9.12625,0j
9.125,0j
9.12375,0j
9.1225,0j
9.12125,0j
9.12,0j
9.11875,0j
9.1175,0j
9.11625,0j
9.115,0j
9.11375,0j
9.1125,0j
9.11125,0j
9.11,0j
9.10875,0j
9.1075,0j
9.10625,0j
9.105,0j
9.10375,0j
9.1025,0j
9.10125,0j
9.1,0j
9.09875,0j
9.0975,0j
9.09625,0j
9.095,0j
9.09375,0j
9.0925,0j
9.09125,0j
9.09,0j
9.08875,0j
9.0875,0j
9.08625,0j
9.085,0j
9.08375,0j
9.0825,0j
9.08125,0j
9.08,0j
9.07875,0j
9.0775,0j
9.07625,0j
9.075,0j
9.07375,0j
9.0725,0j
9.07125,0j
9.07,0j
9.06875,0j
9.0675,0j
9.06625,0j
9.065,0j
9.06375,0j
9.0625,0j
9.06125,0j
9.06,0j
9.05875,0j
9.0575,0j
9.05625,0j
9.055,0j
9.05375,0j
9.0525,0j
9.05125,0j
9.05,0j
9.04875,0j
9.0475,0j
9.04625,0j
9.045,0j
9.04375,0j
9.0425,0j
9.04125,0j
9.04,0j
9.03875,0j
9.0375,0j
9.03625,0j
9.035,0j
9.03375,0j
9.0325,0j
9.03125,0j
9.03,0j
9.02875,0j
9.0275,0j
9.02625,0j
9.025,0j
9.02375,0j
9.0225,0j
9.02125,0j
9.02,0j
9.01875,0j
9.0175,0j
9.01625,0j
9.015,0j
9.01375,0j
9.0125,0j
9.01125,0j
9.01,0j
9.00875,0j
9.0075,0j
9.00625,0j
9.004999999999999,0j
9.00375,0j
9.002500000000001,0j
9.001249999999999,0j
9.0,0j
8.99875,0j
8.9975,0j
8.99625,0j
8.995000000000001,0j
8.99375,0j
8.9925,0j
8.99125,0j
8.99,0j
8.98875,0j
8.9875,0j
8.98625,0j
8.985,0j
8.98375,0j
8.9825,0j
8.98125,0j
8.98,0j
8.97875,0j
8.9775,0j
8.97625,0j
8.975,0j
8.973749999999999,0j
8.9725,0j
8.97125,0j
8.97,0j
8.96875,0j
8.9675,0j
8.96625,0j
8.965,0j
8.963750000000001,0j
8.9625,0j
8.96125,0j
8.96,0j
8.95875,0j
8.9575,0j
8.95625,0j
8.955,0j
8.95375,0j
8.9525,0j
8.95125,0j
8.95,0j
8.94875,0j
8.9475,0j
8.94625,0j
8.945,0j
8.94375,0j
8.942499999999999,0j
8.94125,0j
8.94,0j
8.93875,0j
8.9375,0j
8.93625,0j
8.935,0j
8.93375,0j
8.932500000000001,0j
8.93125,0j
8.93,0j
8.92875,0j
8.9275,0j
8.92625,0j
8.925,0j
8.92375,0j
8.9225,0j
8.92125,0j
8.92,0j
8.91875,0j
8.9175,0j
8.91625,0j
8.915,0j
8.91375,0j
8.9125,0j
8.911249999999999,0j
8.91,0j
8.90875,0j
8.9075,0j
8.90625,0j
8.905,0j
8.90375,0j
8.9025,0j
8.901250000000001,0j
8.9,0j
8.89875,0j
8.8975,0j
8.89625,0j
8.895,0j
8.89375,0j
8.8925,0j
8.89125,0j
8.89,0j
8.88875,0j
8.8875,0j
8.88625,0j
8.885,0j
8.88375,0j
8.8825,0j
8.88125,0j
8.879999999999999,0j
8.87875,0j
8.8775,0j
8.87625,0j
8.875,0j
8.87375,0j
8.8725,0j
8.87125,0j
8.870000000000001,0j
8.86875,0j
8.8675,0j
8.86625,0j
8.865,0j
8.86375,0j
8.8625,0j
8.86125,0j
8.86,0j
8.85875,0j
8.8575,0j
8.85625,0j
8.855,0j
8.85375,0j
8.8525,0j
8.85125,0j
8.85,0j
8.848749999999999,0j
8.8475,0j
8.84625,0j
8.845,0j
8.84375,0j
8.8425,0j
8.84125,0j
8.84,0j
8.838750000000001,0j
8.8375,0j
8.83625,0j
8.835,0j
8.83375,0j
8.8325,0j
8.83125,0j
8.83,0j
8.82875,0j
8.8275,0j
8.82625,0j
8.825,0j
8.82375,0j
8.8225,0j
8.82125,0j
8.82,0j
8.81875,0j
8.817499999999999,0j
8.81625,0j
8.815,0j
8.81375,0j
8.8125,0j
8.81125,0j
8.81,0j
8.80875,0j
8.807500000000001,0j
8.80625,0j
8.805,0j
8.80375,0j
8.8025,0j
8.80125,0j
8.8,0j
8.79875,0j
8.7975,0j
8.79625,0j
8.795,0j
8.79375,0j
8.7925,0j
8.79125,0j
8.79,0j
8.78875,0j
8.7875,0j
8.786249999999999,0j
8.785,0j
8.78375,0j
8.7825,0j
8.78125,0j
8.78,0j
8.77875,0j
8.7775,0j
8.776250000000001,0j
8.775,0j
8.77375,0j
8.7725,0j
8.77125,0j
8.77,0j
8.76875,0j
8.7675,0j
8.76625,0j
8.765,0j
8.76375,0j
8.7625,0j
8.76125,0j
8.76,0j
8.75875,0j
8.7575,0j
8.75625,0j
8.754999999999999,0j
8.75375,0j
8.7525,0j
8.75125,0j
8.75,0j
8.74875,0j
8.7475,0j
8.74625,0j
8.745000000000001,0j
8.74375,0j
8.7425,0j
8.74125,0j
8.74,0j
8.73875,0j
8.7375,0j
8.73625,0j
8.735,0j
8.73375,0j
8.7325,0j
8.73125,0j
8.73,0j
8.72875,0j
8.7275,0j
8.72625,0j
8.725,0j
8.723749999999999,0j
8.7225,0j
8.72125,0j
8.72,0j
8.71875,0j
8.7175,0j
8.71625,0j
8.715,0j
8.713750000000001,0j
8.7125,0j
8.71125,0j
8.71,0j
8.70875,0j
8.7075,0j
8.70625,0j
8.705,0j
8.70375,0j
8.7025,0j
8.70125,0j
8.7,0j
8.69875,0j
8.6975,0j
8.69625,0j
8.695,0j
8.69375,0j
8.692499999999999,0j
8.69125,0j
8.69,0j
8.68875,0j
8.6875,0j
8.68625,0j
8.685,0j
8.68375,0j
8.682500000000001,0j
8.68125,0j
8.68,0j
8.67875,0j
8.6775,0j
8.67625,0j
8.675,0j
8.67375,0j
8.6725,0j
8.67125,0j
8.67,0j
8.66875,0j
8.6675,0j
8.66625,0j
8.665,0j
8.66375,0j
8.6625,0j
8.661249999999999,0j
8.66,0j
8.65875,0j
8.6575,0j
8.65625,0j
8.655,0j
8.65375,0j
8.6525,0j
8.651250000000001,0j
8.65,0j
8.64875,0j
8.6475,0j
8.64625,0j
8.645,0j
8.64375,0j
8.6425,0j
8.64125,0j
8.64,0j
8.63875,0j
8.6375,0j
8.63625,0j
8.635,0j
8.63375,0j
8.6325,0j
8.63125,0j
8.629999999999999,0j
8.62875,0j
8.6275,0j
8.62625,0j
8.625,0j
8.62375,0j
8.6225,0j
8.62125,0j
8.620000000000001,0j
8.61875,0j
8.6175,0j
8.61625,0j
8.615,0j
8.61375,0j
8.6125,0j
8.61125,0j
8.61,0j
8.60875,0j
8.6075,0j
8.60625,0j
8.605,0j
8.60375,0j
8.6025,0j
8.60125,0j
8.6,0j
8.598749999999999,0j
8.5975,0j
8.59625,0j
8.595,0j
8.59375,0j
8.5925,0j
8.59125,0j
8.59,0j
8.588750000000001,0j
8.5875,0j
8.58625,0j
8.585,0j
8.58375,0j
8.5825,0j
8.58125,0j
8.58,0j
8.57875,0j
8.5775,0j
8.57625,0j
8.575,0j
8.57375,0j
8.5725,0j
8.57125,0j
8.57,0j
8.56875,0j
8.567499999999999,0j
8.56625,0j
8.565,0j
8.56375,0j
8.5625,0j
8.56125,0j
8.56,0j
8.55875,0j
8.557500000000001,0j
8.55625,0j
8.555,0j
8.55375,0j
8.5525,0j
8.55125,0j
8.55,0j
8.54875,0j
8.5475,0j
8.54625,0j
8.545,0j
8.54375,0j
8.5425,0j
8.54125,0j
8.54,0j
8.53875,0j
8.5375,0j
8.536249999999999,0j
8.535,0j
8.53375,0j
8.5325,0j
8.53125,0j
8.53,0j
8.52875,0j
8.5275,0j
8.526250000000001,0j
8.525,0j
8.52375,0j
8.5225,0j
8.52125,0j
8.52,0j
8.51875,0j
8.5175,0j
8.51625,0j
8.515,0j
8.51375,0j
8.5125,0j
8.51125,0j
8.51,0j
8.50875,0j
8.5075,0j
8.50625,0j
8.504999999999999,0j
8.50375,0j
8.5025,0j
8.50125,0j
8.5,0j
8.49875,0j
8.4975,0j
8.49625,0j
8.495000000000001,0j
8.49375,0j
8.4925,0j
8.49125,0j
8.49,0j
8.48875,0j
8.4875,0j
8.48625,0j
8.485,0j
8.48375,0j
8.4825,0j
8.48125,0j
8.48,0j
8.47875,0j
8.4775,0j
8.47625,0j
8.475,0j
8.473749999999999,0j
8.4725,0j
8.47125,0j
8.47,0j
8.46875,0j
8.4675,0j
8.46625,0j
8.465,0j
8.463750000000001,0j
8.4625,0j
8.46125,0j
8.46,0j
8.45875,0j
8.4575,0j
8.45625,0j
8.455,0j
8.45375,0j
8.4525,0j
8.45125,0j
8.45,0j
8.44875,0j
8.4475,0j
8.44625,0j
8.445,0j
8.44375,0j
8.442499999999999,0j
8.44125,0j
8.44,0j
8.43875,0j
8.4375,0j
8.43625,0j
8.435,0j
8.43375,0j
8.432500000000001,0j
8.43125,0j
8.43,0j
8.42875,0j
8.4275,0j
8.42625,0j
8.425,0j
8.42375,0j
8.4225,0j
8.42125,0j
8.42,0j
8.41875,0j
8.4175,0j
8.41625,0j
8.415,0j
8.41375,0j
8.4125,0j
8.411249999999999,0j
8.41,0j
8.40875,0j
8.4075,0j
8.40625,0j
8.405,0j
8.40375,0j
8.4025,0j
8.401250000000001,0j
8.4,0j
8.39875,0j
8.3975,0j
8.39625,0j
8.395,0j
8.39375,0j
8.3925,0j
8.39125,0j
8.39,0j
8.38875,0j
8.3875,0j
8.38625,0j
8.385,0j
8.38375,0j
8.3825,0j
8.38125,0j
8.379999999999999,0j
8.37875,0j
8.3775,0j
8.37625,0j
8.375,0j
8.37375,0j
8.3725,0j
8.37125,0j
8.370000000000001,0j
8.36875,0j
8.3675,0j
8.36625,0j
8.365,0j
8.36375,0j
8.3625,0j
8.36125,0j
8.36,0j
8.35875,0j
8.3575,0j
8.35625,0j
8.355,0j
8.35375,0j
8.3525,0j
8.35125,0j
8.35,0j
8.348749999999999,0j
8.3475,0j
8.34625,0j
8.345,0j
8.34375,0j
8.3425,0j
8.34125,0j
8.34,0j
8.338750000000001,0j
8.3375,0j
8.33625,0j
8.335,0j
8.33375,0j
8.3325,0j
8.33125,0j
8.33,0j
8.32875,0j
8.3275,0j
8.32625,0j
8.325,0j
8.32375,0j
8.3225,0j
8.32125,0j
8.32,0j
8.31875,0j
8.317499999999999,0j
8.31625,0j
8.315,0j
8.31375,0j
8.3125,0j
8.31125,0j
8.31,0j
8.30875,0j
8.307500000000001,0j
8.30625,0j
8.305,0j
8.30375,0j
8.3025,0j
8.30125,0j
8.3,0j
8.29875,0j
8.2975,0j
8.29625,0j
8.295,0j
8.29375,0j
8.2925,0j
8.29125,0j
8.29,0j
8.28875,0j
8.2875,0j
8.286249999999999,0j
8.285,0j
8.28375,0j
8.2825,0j
8.28125,0j
8.28,0j
8.27875,0j
8.2775,0j
8.276250000000001,0j
8.275,0j
8.27375,0j
8.2725,0j
8.27125,0j
8.27,0j
8.26875,0j
8.2675,0j
8.26625,0j
8.265,0j
8.26375,0j
8.2625,0j
8.26125,0j
8.26,0j
8.25875,0j
8.2575,0j
8.25625,0j
8.254999999999999,0j
8.25375,0j
8.2525,0j
8.25125,0j
8.25,0j
8.24875,0j
8.2475,0j
8.24625,0j
8.245000000000001,0j
8.24375,0j
8.2425,0j
8.24125,0j
8.24,0j
8.23875,0j
8.2375,0j
8.23625,0j
8.235,0j
8.23375,0j
8.2325,0j
8.23125,0j
8.23,0j
8.22875,0j
8.2275,0j
8.22625,0j
8.225,0j
8.223749999999999,0j
8.2225,0j
8.22125,0j
8.22,0j
8.21875,0j
8.2175,0j
8.21625,0j
8.215,0j
8.213750000000001,0j
8.2125,0j
8.21125,0j
8.21,0j
8.20875,0j
8.2075,0j
8.20625,0j
8.205,0j
8.20375,0j
8.2025,0j
8.20125,0j
8.2,0j
8.19875,0j
8.1975,0j
8.19625,0j
8.195,0j
8.19375,0j
8.192499999999999,0j
8.19125,0j
8.19,0j
8.18875,0j
8.1875,0j
8.18625,0j
8.185,0j
8.18375,0j
8.182500000000001,0j
8.18125,0j
8.18,0j
8.17875,0j
8.1775,0j
8.17625,0j
8.175,0j
8.17375,0j
8.1725,0j
8.17125,0j
8.17,0j
8.16875,0j
8.1675,0j
8.16625,0j
8.165,0j
8.16375,0j
8.1625,0j
8.161249999999999,0j
8.16,0j
8.15875,0j
8.1575,0j
8.15625,0j
8.155,0j
8.15375,0j
8.1525,0j
8.151250000000001,0j
8.15,0j
8.14875,0j
8.1475,0j
8.14625,0j
8.145,0j
8.14375,0j
8.1425,0j
8.14125,0j
8.14,0j
8.13875,0j
8.1375,0j
8.13625,0j
8.135,0j
8.13375,0j
8.1325,0j
8.13125,0j
8.129999999999999,0j
8.12875,0j
8.1275,0j
8.12625,0j
8.125,0j
8.12375,0j
8.1225,0j
8.12125,0j
8.120000000000001,0j
8.11875,0j
8.1175,0j
8.11625,0j
8.115,0j
8.11375,0j
8.1125,0j
8.11125,0j
8.11,0j
8.10875,0j
8.1075,0j
8.10625,0j
8.105,0j
8.10375,0j
8.1025,0j
8.10125,0j
8.1,0j
8.098749999999999,0j
8.0975,0j
8.09625,0j
8.095,0j
8.09375,0j
8.0925,0j
8.09125,0j
8.09,0j
8.088750000000001,0j
8.0875,0j
8.08625,0j
8.085,0j
8.08375,0j
8.0825,0j
8.08125,0j
8.08,0j
8.07875,0j
8.0775,0j
8.07625,0j
8.075,0j
8.07375,0j
8.0725,0j
8.07125,0j
8.07,0j
8.06875,0j
8.067499999999999,0j
8.06625,0j
8.065,0j
8.06375,0j
8.0625,0j
8.06125,0j
8.06,0j
8.05875,0j
8.057500000000001,0j
8.05625,0j
8.055,0j
8.05375,0j
8.0525,0j
8.05125,0j
8.05,0j
8.04875,0j
8.0475,0j
8.04625,0j
8.045,0j
8.04375,0j
8.0425,0j
8.04125,0j
8.04,0j
8.03875,0j
8.0375,0j
8.036249999999999,0j
8.035,0j
8.03375,0j
8.0325,0j
8.03125,0j
8.03,0j
8.02875,0j
8.0275,0j
8.026250000000001,0j
8.025,0j
8.02375,0j
8.0225,0j
8.02125,0j
8.02,0j
8.01875,0j
8.0175,0j
8.01625,0j
8.015,0j
8.01375,0j
8.0125,0j
8.01125,0j
8.01,0j
8.00875,0j
8.0075,0j
8.00625,0j
8.004999999999999,0j
8.00375,0j
8.0025,0j
8.00125,0j
8.0,0j
7.998749999999999,0j
7.9975,0j
7.99625,0j
7.995,0j
7.99375,0j
7.9925,0j
7.99125,0j
7.99,0j
7.98875,0j
7.9875,0j
7.98625,0j
7.984999999999999,0j
7.983750000000001,0j
7.9825,0j
7.98125,0j
7.98,0j
7.97875,0j
7.9775,0j
7.97625,0j
7.975,0j
7.97375,0j
7.9725,0j
7.97125,0j
7.970000000000001,0j
7.96875,0j
7.967499999999999,0j
7.96625,0j
7.965,0j
7.96375,0j
7.9625,0j
7.96125,0j
7.96,0j
7.95875,0j
7.9575,0j
7.95625,0j
7.955,0j
7.953749999999999,0j
7.952500000000001,0j
7.95125,0j
7.95,0j
7.94875,0j
7.9475,0j
7.94625,0j
7.945,0j
7.94375,0j
7.9425,0j
7.94125,0j
7.94,0j
7.938750000000001,0j
7.9375,0j
7.936249999999999,0j
7.935,0j
7.93375,0j
7.9325,0j
7.93125,0j
7.93,0j
7.92875,0j
7.9275,0j
7.92625,0j
7.925,0j
7.92375,0j
7.922499999999999,0j
7.921250000000001,0j
7.92,0j
7.91875,0j
7.9175,0j
7.91625,0j
7.915,0j
7.91375,0j
7.9125,0j
7.91125,0j
7.91,0j
7.90875,0j
7.907500000000001,0j
7.90625,0j
7.904999999999999,0j
7.90375,0j
7.9025,0j
7.90125,0j
7.9,0j
7.89875,0j
7.8975,0j
7.89625,0j
7.895,0j
7.89375,0j
7.8925,0j
7.891249999999999,0j
7.890000000000001,0j
7.88875,0j
7.8875,0j
7.88625,0j
7.885,0j
7.88375,0j
7.8825,0j
7.88125,0j
7.88,0j
7.87875,0j
7.8775,0j
7.876250000000001,0j
7.875,0j
7.873749999999999,0j
7.8725,0j
7.87125,0j
7.87,0j
7.86875,0j
7.8675,0j
7.86625,0j
7.865,0j
7.86375,0j
7.8625,0j
7.86125,0j
7.859999999999999,0j
7.858750000000001,0j
7.8575,0j
7.85625,0j
7.855,0j
7.85375,0j
7.8525,0j
7.85125,0j
7.85,0j
7.84875,0j
7.8475,0j
7.84625,0j
7.845000000000001,0j
7.84375,0j
7.842499999999999,0j
7.84125,0j
7.84,0j
7.83875,0j
7.8375,0j
7.83625,0j
7.835,0j
7.83375,0j
7.8325,0j
7.83125,0j
7.83,0j
7.828749999999999,0j
7.827500000000001,0j
7.82625,0j
7.825,0j
7.82375,0j
7.8225,0j
7.82125,0j
7.82,0j
7.81875,0j
7.8175,0j
7.81625,0j
7.815,0j
7.813750000000001,0j
7.8125,0j
7.811249999999999,0j
7.81,0j
7.80875,0j
7.8075,0j
7.80625,0j
7.805,0j
7.80375,0j
7.8025,0j
7.80125,0j
7.8,0j
7.79875,0j
7.797499999999999,0j
7.796250000000001,0j
7.795,0j
7.79375,0j
7.7925,0j
7.79125,0j
7.79,0j
7.78875,0j
7.7875,0j
7.78625,0j
7.785,0j
7.78375,0j
7.782500000000001,0j
7.78125,0j
7.779999999999999,0j
7.77875,0j
7.7775,0j
7.77625,0j
7.775,0j
7.77375,0j
7.7725,0j
7.77125,0j
7.77,0j
7.76875,0j
7.7675,0j
7.766249999999999,0j
7.765000000000001,0j
7.76375,0j
7.7625,0j
7.76125,0j
7.76,0j
7.75875,0j
7.7575,0j
7.75625,0j
7.755,0j
7.75375,0j
7.7525,0j
7.751250000000001,0j
7.75,0j
7.748749999999999,0j
7.7475,0j
7.74625,0j
7.745,0j
7.74375,0j
7.7425,0j
7.74125,0j
7.74,0j
7.73875,0j
7.7375,0j
7.73625,0j
7.734999999999999,0j
7.733750000000001,0j
7.7325,0j
7.73125,0j
7.73,0j
7.72875,0j
7.7275,0j
7.72625,0j
7.725,0j
7.72375,0j
7.7225,0j
7.72125,0j
7.720000000000001,0j
7.71875,0j
7.717499999999999,0j
7.71625,0j
7.715,0j
7.71375,0j
7.7125,0j
7.71125,0j
7.71,0j
7.70875,0j
7.7075,0j
7.70625,0j
7.705,0j
7.703749999999999,0j
7.702500000000001,0j
7.70125,0j
7.7,0j
7.69875,0j
7.6975,0j
7.69625,0j
7.695,0j
7.69375,0j
7.6925,0j
7.69125,0j
7.69,0j
7.688750000000001,0j
7.6875,0j
7.686249999999999,0j
7.685,0j
7.68375,0j
7.6825,0j
7.68125,0j
7.68,0j
7.67875,0j
7.6775,0j
7.67625,0j
7.675,0j
7.67375,0j
7.672499999999999,0j
7.671250000000001,0j
7.67,0j
7.66875,0j
7.6675,0j
7.66625,0j
7.665,0j
7.66375,0j
7.6625,0j
7.66125,0j
7.66,0j
7.65875,0j
7.657500000000001,0j
7.65625,0j
7.654999999999999,0j
7.65375,0j
7.6525,0j
7.65125,0j
7.65,0j
7.64875,0j
7.6475,0j
7.64625,0j
7.645,0j
7.64375,0j
7.6425,0j
7.641249999999999,0j
7.640000000000001,0j
7.63875,0j
7.6375,0j
7.63625,0j
7.635,0j
7.63375,0j
7.6325,0j
7.63125,0j
7.63,0j
7.62875,0j
7.6275,0j
7.626250000000001,0j
7.625,0j
7.623749999999999,0j
7.6225,0j
7.62125,0j
7.62,0j
7.61875,0j
7.6175,0j
7.61625,0j
7.615,0j
7.61375,0j
7.6125,0j
7.61125,0j
7.609999999999999,0j
7.608750000000001,0j
7.6075,0j
7.60625,0j
7.605,0j
7.60375,0j
7.6025,0j
7.60125,0j
7.6,0j
7.59875,0j
7.5975,0j
7.59625,0j
7.595000000000001,0j
7.59375,0j
7.592499999999999,0j
7.59125,0j
7.59,0j
7.58875,0j
7.5875,0j
7.58625,0j
7.585,0j
7.58375,0j
7.5825,0j
7.58125,0j
7.58,0j
7.578749999999999,0j
7.577500000000001,0j
7.57625,0j
7.575,0j
7.57375,0j
7.5725,0j
7.57125,0j
7.57,0j
7.56875,0j
7.5675,0j
7.56625,0j
7.565,0j
7.563750000000001,0j
7.5625,0j
7.561249999999999,0j
7.56,0j
7.55875,0j
7.5575,0j
7.55625,0j
7.555,0j
7.55375,0j
7.5525,0j
7.55125,0j
7.55,0j
7.54875,0j
7.547499999999999,0j
7.546250000000001,0j
7.545,0j
7.54375,0j
7.5425,0j
7.54125,0j
7.54,0j
7.53875,0j
7.5375,0j
7.53625,0j
7.535,0j
7.53375,0j
7.532500000000001,0j
7.53125,0j
7.529999999999999,0j
7.52875,0j
7.5275,0j
7.52625,0j
7.525,0j
7.52375,0j
7.5225,0j
7.52125,0j
7.52,0j
7.51875,0j
7.5175,0j
7.516249999999999,0j
7.515000000000001,0j
7.51375,0j
7.5125,0j
7.51125,0j
7.51,0j
7.50875,0j
7.5075,0j
7.50625,0j
7.505,0j
7.50375,0j
7.5025,0j
7.501250000000001,0j
7.5,0j
7.498749999999999,0j
7.4975,0j
7.49625,0j
7.495,0j
7.49375,0j
7.4925,0j
7.49125,0j
7.49,0j
7.48875,0j
7.4875,0j
7.48625,0j
7.484999999999999,0j
7.483750000000001,0j
7.4825,0j
7.48125,0j
7.48,0j
7.47875,0j
7.4775,0j
7.47625,0j
7.475,0j
7.47375,0j
7.4725,0j
7.47125,0j
7.470000000000001,0j
7.46875,0j
7.467499999999999,0j
7.46625,0j
7.465,0j
7.46375,0j
7.4625,0j
7.46125,0j
7.46,0j
7.45875,0j
7.4575,0j
7.45625,0j
7.455,0j
7.453749999999999,0j
7.452500000000001,0j
7.45125,0j
7.45,0j
7.44875,0j
7.4475,0j
7.44625,0j
7.445,0j
7.44375,0j
7.4425,0j
7.44125,0j
7.44,0j
7.438750000000001,0j
7.4375,0j
7.436249999999999,0j
7.435,0j
7.43375,0j
7.4325,0j
7.43125,0j
7.43,0j
7.42875,0j
7.4275,0j
7.42625,0j
7.425,0j
7.42375,0j
7.422499999999999,0j
7.421250000000001,0j
7.42,0j
7.41875,0j
7.4175,0j
7.41625,0j
7.415,0j
7.41375,0j
7.4125,0j
7.41125,0j
7.41,0j
7.40875,0j
7.407500000000001,0j
7.40625,0j
7.404999999999999,0j
7.40375,0j
7.4025,0j
7.40125,0j
7.4,0j
7.39875,0j
7.3975,0j
7.39625,0j
7.395,0j
7.39375,0j
7.3925,0j
7.391249999999999,0j
7.390000000000001,0j
7.38875,0j
7.3875,0j
7.38625,0j
7.385,0j
7.38375,0j
7.3825,0j
7.38125,0j
7.38,0j
7.37875,0j
7.3775,0j
7.376250000000001,0j
7.375,0j
7.373749999999999,0j
7.3725,0j
7.37125,0j
7.37,0j
7.36875,0j
7.3675,0j
7.36625,0j
7.365,0j
7.36375,0j
7.3625,0j
7.36125,0j
7.359999999999999,0j
7.358750000000001,0j
7.3575,0j
7.35625,0j
7.355,0j
7.35375,0j
7.3525,0j
7.35125,0j
7.35,0j
7.34875,0j
7.3475,0j
7.34625,0j
7.345000000000001,0j
7.34375,0j
7.342499999999999,0j
7.34125,0j
7.34,0j
7.33875,0j
7.3375,0j
7.33625,0j
7.335,0j
7.33375,0j
7.3325,0j
7.33125,0j
7.33,0j
7.328749999999999,0j
7.327500000000001,0j
7.32625,0j
7.325,0j
7.32375,0j
7.3225,0j
7.32125,0j
7.32,0j
7.31875,0j
7.3175,0j
7.31625,0j
7.315,0j
7.313750000000001,0j
7.3125,0j
7.311249999999999,0j
7.31,0j
7.30875,0j
7.3075,0j
7.30625,0j
7.305,0j
7.30375,0j
7.3025,0j
7.30125,0j
7.3,0j
7.29875,0j
7.297499999999999,0j
7.296250000000001,0j
7.295,0j
7.29375,0j
7.2925,0j
7.29125,0j
7.29,0j
7.28875,0j
7.2875,0j
7.28625,0j
7.285,0j
7.28375,0j
7.282500000000001,0j
7.28125,0j
7.279999999999999,0j
7.27875,0j
7.2775,0j
7.27625,0j
7.275,0j
7.27375,0j
7.2725,0j
7.27125,0j
7.27,0j
7.26875,0j
7.2675,0j
7.266249999999999,0j
7.265000000000001,0j
7.26375,0j
7.2625,0j
7.26125,0j
7.26,0j
7.25875,0j
7.2575,0j
7.25625,0j
7.255,0j
7.25375,0j
7.2525,0j
7.251250000000001,0j
7.25,0j
7.248749999999999,0j
7.2475,0j
7.24625,0j
7.245,0j
7.24375,0j
7.2425,0j
7.24125,0j
7.24,0j
7.23875,0j
7.2375,0j
7.23625,0j
7.234999999999999,0j
7.233750000000001,0j
7.2325,0j
7.23125,0j
7.23,0j
7.22875,0j
7.2275,0j
7.22625,0j
7.225,0j
7.22375,0j
7.2225,0j
7.22125,0j
7.220000000000001,0j
7.21875,0j
7.217499999999999,0j
7.21625,0j
7.215,0j
7.21375,0j
7.2125,0j
7.21125,0j
7.21,0j
7.20875,0j
7.2075,0j
7.20625,0j
7.205,0j
7.203749999999999,0j
7.202500000000001,0j
7.20125,0j
7.2,0j
7.19875,0j
7.1975,0j
7.19625,0j
7.195,0j
7.19375,0j
7.1925,0j
7.19125,0j
7.19,0j
7.188750000000001,0j
7.1875,0j
7.186249999999999,0j
7.185,0j
7.18375,0j
7.1825,0j
7.18125,0j
7.18,0j
7.17875,0j
7.1775,0j
7.17625,0j
7.175,0j
7.17375,0j
7.172499999999999,0j
7.171250000000001,0j
7.17,0j
7.16875,0j
7.1675,0j
7.16625,0j
7.165,0j
7.16375,0j
7.1625,0j
7.16125,0j
7.16,0j
7.15875,0j
7.157500000000001,0j
7.15625,0j
7.154999999999999,0j
7.15375,0j
7.1525,0j
7.15125,0j
7.15,0j
7.14875,0j
7.1475,0j
7.14625,0j
7.145,0j
7.14375,0j
7.1425,0j
7.141249999999999,0j
7.140000000000001,0j
7.13875,0j
7.1375,0j
7.13625,0j
7.135,0j
7.13375,0j
7.1325,0j
7.13125,0j
7.13,0j
7.12875,0j
7.1275,0j
7.126250000000001,0j
7.125,0j
7.123749999999999,0j
7.1225,0j
7.12125,0j
7.12,0j
7.11875,0j
7.1175,0j
7.11625,0j
7.115,0j
7.11375,0j
7.1125,0j
7.11125,0j
7.109999999999999,0j
7.108750000000001,0j
7.1075,0j
7.10625,0j
7.105,0j
7.10375,0j
7.1025,0j
7.10125,0j
7.1,0j
7.09875,0j
7.0975,0j
7.09625,0j
7.095000000000001,0j
7.09375,0j
7.092499999999999,0j
7.09125,0j
7.09,0j
7.08875,0j
7.0875,0j
7.08625,0j
7.085,0j
7.08375,0j
7.0825,0j
7.08125,0j
7.08,0j
7.078749999999999,0j
7.077500000000001,0j
7.07625,0j
7.075,0j
7.07375,0j
7.0725,0j
7.07125,0j
7.07,0j
7.06875,0j
7.0675,0j
7.06625,0j
7.065,0j
7.063750000000001,0j
7.0625,0j
7.061249999999999,0j
7.06,0j
7.05875,0j
7.0575,0j
7.05625,0j
7.055,0j
7.05375,0j
7.0525,0j
7.05125,0j
7.05,0j
7.04875,0j
7.047499999999999,0j
7.046250000000001,0j
7.045,0j
7.04375,0j
7.0425,0j
7.04125,0j
7.04,0j
7.03875,0j
7.0375,0j
7.03625,0j
7.035,0j
7.03375,0j
7.032500000000001,0j
7.03125,0j
7.029999999999999,0j
7.02875,0j
7.0275,0j
7.02625,0j
7.025,0j
7.02375,0j
7.0225,0j
7.02125,0j
7.02,0j
7.01875,0j
7.0175,0j
7.016249999999999,0j
7.015000000000001,0j
7.01375,0j
7.0125,0j
7.01125,0j
7.01,0j
7.00875,0j
7.0075,0j
7.00625,0j
7.005,0j
7.00375,0j
7.0025,0j
7.001250000000001,0j
7.0,0j
6.99875,0j
6.9975,0j
6.99625,0j
6.995,0j
6.99375,0j
6.9925,0j
6.99125,0j
6.99,0j
6.98875,0j
6.9875,0j
6.98625,0j
6.985,0j
6.98375,0j
6.9825,0j
6.98125,0j
6.98,0j
6.97875,0j
6.9775,0j
6.97625,0j
6.975,0j
6.97375,0j
6.9725,0j
6.97125,0j
6.97,0j
6.96875,0j
6.9675,0j
6.96625,0j
6.965,0j
6.96375,0j
6.9625,0j
6.96125,0j
6.96,0j
6.95875,0j
6.9575,0j
6.95625,0j
6.955,0j
6.95375,0j
6.9525,0j
6.95125,0j
6.95,0j
6.94875,0j
6.9475,0j
6.94625,0j
6.945,0j
6.94375,0j
6.9425,0j
6.94125,0j
6.94,0j
6.93875,0j
6.9375,0j
6.93625,0j
6.935,0j
6.93375,0j
6.9325,0j
6.93125,0j
6.93,0j
6.92875,0j
6.9275,0j
6.92625,0j
6.925,0j
6.92375,0j
6.9225,0j
6.92125,0j
6.92,0j
6.91875,0j
6.9175,0j
6.91625,0j
6.915,0j
6.91375,0j
6.9125,0j
6.91125,0j
6.91,0j
6.90875,0j
6.9075,0j
6.90625,0j
6.905,0j
6.90375,0j
6.9025,0j
6.90125,0j
6.9,0j
6.89875,0j
6.8975,0j
6.89625,0j
6.895,0j
6.89375,0j
6.8925,0j
6.89125,0j
6.89,0j
6.88875,0j
6.8875,0j
6.88625,0j
6.885,0j
6.88375,0j
6.8825,0j
6.88125,0j
6.88,0j
6.87875,0j
6.8775,0j
6.87625,0j
6.875,0j
6.87375,0j
6.8725,0j
6.87125,0j
6.87,0j
6.86875,0j
6.8675,0j
6.86625,0j
6.865,0j
6.86375,0j
6.8625,0j
6.86125,0j
6.86,0j
6.85875,0j
6.8575,0j
6.85625,0j
6.855,0j
6.85375,0j
6.8525,0j
6.85125,0j
6.85,0j
6.84875,0j
6.8475,0j
6.84625,0j
6.845,0j
6.84375,0j
6.8425,0j
6.84125,0j
6.84,0j
6.83875,0j
6.8375,0j
6.83625,0j
6.835,0j
6.83375,0j
6.8325,0j
6.83125,0j
6.83,0j
6.82875,0j
6.8275,0j
6.82625,0j
6.825,0j
6.82375,0j
6.8225,0j
6.82125,0j
6.82,0j
6.81875,0j
6.8175,0j
6.81625,0j
6.815,0j
6.81375,0j
6.8125,0j
6.81125,0j
6.81,0j
6.80875,0j
6.8075,0j
6.80625,0j
6.805,0j
6.80375,0j
6.8025,0j
6.80125,0j
6.8,0j
6.79875,0j
6.7975,0j
6.79625,0j
6.795,0j
6.79375,0j
6.7925,0j
6.79125,0j
6.79,0j
6.78875,0j
6.7875,0j
6.78625,0j
6.785,0j
6.78375,0j
6.7825,0j
6.78125,0j
6.78,0j
6.77875,0j
6.7775,0j
6.77625,0j
6.775,0j
6.77375,0j
6.7725,0j
6.77125,0j
6.77,0j
6.76875,0j
6.7675,0j
6.76625,0j
6.765,0j
6.76375,0j
6.7625,0j
6.76125,0j
6.76,0j
6.75875,0j
6.7575,0j
6.75625,0j
6.755,0j
6.75375,0j
6.7525,0j
6.75125,0j
6.75,0j
6.74875,0j
6.7475,0j
6.74625,0j
6.745,0j
6.74375,0j
6.7425,0j
6.74125,0j
6.74,0j
6.73875,0j
6.7375,0j
6.73625,0j
6.735,0j
6.73375,0j
6.7325,0j
6.73125,0j
6.73,0j
6.72875,0j
6.7275,0j
6.72625,0j
6.725,0j
6.72375,0j
6.7225,0j
6.72125,0j
6.72,0j
6.71875,0j
6.7175,0j
6.71625,0j
6.715,0j
6.71375,0j
6.7125,0j
6.71125,0j
6.71,0j
6.70875,0j
6.7075,0j
6.70625,0j
6.705,0j
6.70375,0j
6.7025,0j
6.70125,0j
6.7,0j
6.69875,0j
6.6975,0j
6.69625,0j
6.695,0j
6.69375,0j
6.6925,0j
6.69125,0j
6.69,0j
6.68875,0j
6.6875,0j
6.68625,0j
6.685,0j
6.68375,0j
6.6825,0j
6.68125,0j
6.68,0j
6.67875,0j
6.6775,0j
6.67625,0j
6.675,0j
6.67375,0j
6.6725,0j
6.67125,0j
6.67,0j
6.66875,0j
6.6675,0j
6.66625,0j
6.665,0j
6.66375,0j
6.6625,0j
6.66125,0j
6.66,0j
6.65875,0j
6.6575,0j
6.65625,0j
6.655,0j
6.65375,0j
6.6525,0j
6.65125,0j
6.65,0j
6.64875,0j
6.6475,0j
6.64625,0j
6.645,0j
6.64375,0j
6.6425,0j
6.64125,0j
6.64,0j
6.63875,0j
6.6375,0j
6.63625,0j
6.635,0j
6.63375,0j
6.6325,0j
6.63125,0j
6.63,0j
6.62875,0j
6.6275,0j
6.62625,0j
6.625,0j
6.62375,0j
6.6225,0j
6.62125,0j
6.62,0j
6.61875,0j
6.6175,0j
6.61625,0j
6.615,0j
6.61375,0j
6.6125,0j
6.61125,0j
6.61,0j
6.60875,0j
6.6075,0j
6.60625,0j
6.605,0j
6.60375,0j
6.6025,0j
6.60125,0j
6.6,0j
6.59875,0j
6.5975,0j
6.59625,0j
6.595,0j
6.59375,0j
6.5925,0j
6.59125,0j
6.59,0j
6.58875,0j
6.5875,0j
6.58625,0j
6.585,0j
6.58375,0j
6.5825,0j
6.58125,0j
6.58,0j
6.57875,0j
6.5775,0j
6.57625,0j
6.575,0j
6.57375,0j
6.5725,0j
6.57125,0j
6.57,0j
6.56875,0j
6.5675,0j
6.56625,0j
6.565,0j
6.56375,0j
6.5625,0j
6.56125,0j
6.56,0j
6.55875,0j
6.5575,0j
6.55625,0j
6.555,0j
6.55375,0j
6.5525,0j
6.55125,0j
6.55,0j
6.54875,0j
6.5475,0j
6.54625,0j
6.545,0j
6.54375,0j
6.5425,0j
6.54125,0j
6.54,0j
6.53875,0j
6.5375,0j
6.53625,0j
6.535,0j
6.53375,0j
6.5325,0j
6.53125,0j
6.53,0j
6.52875,0j
6.5275,0j
6.52625,0j
6.525,0j
6.52375,0j
6.5225,0j
6.52125,0j
6.52,0j
6.51875,0j
6.5175,0j
6.51625,0j
6.515,0j
6.51375,0j
6.5125,0j
6.51125,0j
6.51,0j
6.50875,0j
6.5075,0j
6.50625,0j
6.505,0j
6.50375,0j
6.5025,0j
6.50125,0j
6.5,0j
6.49875,0j
6.4975,0j
6.49625,0j
6.495,0j
6.49375,0j
6.4925,0j
6.49125,0j
6.49,0j
6.48875,0j
6.4875,0j
6.48625,0j
6.485,0j
6.48375,0j
6.4825,0j
6.48125,0j
6.48,0j
6.47875,0j
6.4775,0j
6.47625,0j
6.475,0j
6.47375,0j
6.4725,0j
6.47125,0j
6.47,0j
6.46875,0j
6.4675,0j
6.46625,0j
6.465,0j
6.46375,0j
6.4625,0j
6.46125,0j
6.46,0j
6.45875,0j
6.4575,0j
6.45625,0j
6.455,0j
6.45375,0j
6.4525,0j
6.45125,0j
6.45,0j
6.44875,0j
6.4475,0j
6.44625,0j
6.445,0j
6.44375,0j
6.4425,0j
6.44125,0j
6.44,0j
6.43875,0j
6.4375,0j
6.43625,0j
6.435,0j
6.43375,0j
6.4325,0j
6.43125,0j
6.43,0j
6.42875,0j
6.4275,0j
6.42625,0j
6.425,0j
6.42375,0j
6.4225,0j
6.42125,0j
6.42,0j
6.41875,0j
6.4175,0j
6.41625,0j
6.415,0j
6.41375,0j
6.4125,0j
6.41125,0j
6.41,0j
6.40875,0j
6.4075,0j
6.40625,0j
6.405,0j
6.40375,0j
6.4025,0j
6.40125,0j
6.4,0j
6.39875,0j
6.3975,0j
6.39625,0j
6.395,0j
6.39375,0j
6.3925,0j
6.39125,0j
6.39,0j
6.38875,0j
6.3875,0j
6.38625,0j
6.385,0j
6.38375,0j
6.3825,0j
6.38125,0j
6.38,0j
6.37875,0j
6.3775,0j
6.37625,0j
6.375,0j
6.37375,0j
6.3725,0j
6.37125,0j
6.37,0j
6.36875,0j
6.3675,0j
6.36625,0j
6.365,0j
6.36375,0j
6.3625,0j
6.36125,0j
6.36,0j
6.35875,0j
6.3575,0j
6.35625,0j
6.355,0j
6.35375,0j
6.3525,0j
6.35125,0j
6.35,0j
6.34875,0j
6.3475,0j
6.34625,0j
6.345,0j
6.34375,0j
6.3425,0j
6.34125,0j
6.34,0j
6.33875,0j
6.3375,0j
6.33625,0j
6.335,0j
6.33375,0j
6.3325,0j
6.33125,0j
6.33,0j
6.32875,0j
6.3275,0j
6.32625,0j
6.325,0j
6.32375,0j
6.3225,0j
6.32125,0j
6.32,0j
6.31875,0j
6.3175,0j
6.31625,0j
6.315,0j
6.31375,0j
6.3125,0j
6.31125,0j
6.31,0j
6.30875,0j
6.3075,0j
6.30625,0j
6.305,0j
6.30375,0j
6.3025,0j
6.30125,0j
6.3,0j
6.29875,0j
6.2975,0j
6.29625,0j
6.295,0j
6.29375,0j
6.2925,0j
6.29125,0j
6.29,0j
6.28875,0j
6.2875,0j
6.28625,0j
6.285,0j
6.28375,0j
6.2825,0j
6.28125,0j
6.28,0j
6.27875,0j
6.2775,0j
6.27625,0j
6.275,0j
6.27375,0j
6.2725,0j
6.27125,0j
6.27,0j
6.26875,0j
6.2675,0j
6.26625,0j
6.265,0j
6.26375,0j
6.2625,0j
6.26125,0j
6.26,0j
6.25875,0j
6.2575,0j
6.25625,0j
6.255,0j
6.25375,0j
6.2525,0j
6.25125,0j
6.25,0j
6.24875,0j
6.2475,0j
6.24625,0j
6.245,0j
6.24375,0j
6.2425,0j
6.24125,0j
6.24,0j
6.23875,0j
6.2375,0j
6.23625,0j
6.235,0j
6.23375,0j
6.2325,0j
6.23125,0j
6.23,0j
6.22875,0j
6.2275,0j
6.22625,0j
6.225,0j
6.22375,0j
6.2225,0j
6.22125,0j
6.22,0j
6.21875,0j
6.2175,0j
6.21625,0j
6.215,0j
6.21375,0j
6.2125,0j
6.21125,0j
6.21,0j
6.20875,0j
6.2075,0j
6.20625,0j
6.205,0j
6.20375,0j
6.2025,0j
6.20125,0j
6.2,0j
6.19875,0j
6.1975,0j
6.19625,0j
6.195,0j
6.19375,0j
6.1925,0j
6.19125,0j
6.19,0j
6.18875,0j
6.1875,0j
6.18625,0j
6.185,0j
6.18375,0j
6.1825,0j
6.18125,0j
6.18,0j
6.17875,0j
6.1775,0j
6.17625,0j
6.175,0j
6.17375,0j
6.1725,0j
6.17125,0j
6.17,0j
6.16875,0j
6.1675,0j
6.16625,0j
6.165,0j
6.16375,0j
6.1625,0j
6.16125,0j
6.16,0j
6.15875,0j
6.1575,0j
6.15625,0j
6.155,0j
6.15375,0j
6.1525,0j
6.15125,0j
6.15,0j
6.14875,0j
6.1475,0j
6.14625,0j
6.145,0j
6.14375,0j
6.1425,0j
6.14125,0j
6.14,0j
6.13875,0j
6.1375,0j
6.13625,0j
6.135,0j
6.13375,0j
6.1325,0j
6.13125,0j
6.13,0j
6.12875,0j
6.1275,0j
6.12625,0j
6.125,0j
6.12375,0j
6.1225,0j
6.12125,0j
6.12,0j
6.11875,0j
6.1175,0j
6.11625,0j
6.115,0j
6.11375,0j
6.1125,0j
6.11125,0j
6.11,0j
6.10875,0j
6.1075,0j
6.10625,0j
6.105,0j
6.10375,0j
6.1025,0j
6.10125,0j
6.1,0j
6.09875,0j
6.0975,0j
6.09625,0j
6.095,0j
6.09375,0j
6.0925,0j
6.09125,0j
6.09,0j
6.08875,0j
6.0875,0j
6.08625,0j
6.085,0j
6.08375,0j
6.0825,0j
6.08125,0j
6.08,0j
6.07875,0j
6.0775,0j
6.07625,0j
6.075,0j
6.07375,0j
6.0725,0j
6.07125,0j
6.07,0j
6.06875,0j
6.0675,0j
6.06625,0j
6.065,0j
6.06375,0j
6.0625,0j
6.06125,0j
6.06,0j
6.05875,0j
6.0575,0j
6.05625,0j
6.055,0j
6.05375,0j
6.0525,0j
6.05125,0j
6.05,0j
6.04875,0j
6.0475,0j
6.04625,0j
6.045,0j
6.04375,0j
6.0425,0j
6.04125,0j
6.04,0j
6.03875,0j
6.0375,0j
6.03625,0j
6.035,0j
6.03375,0j
6.0325,0j
6.03125,0j
6.03,0j
6.02875,0j
6.0275,0j
6.02625,0j
6.025,0j
6.02375,0j
6.0225,0j
6.02125,0j
6.02,0j
6.01875,0j
6.0175,0j
6.01625,0j
6.015,0j
6.01375,0j
6.0125,0j
6.01125,0j
6.01,0j
6.00875,0j
6.0075,0j
6.00625,0j
6.005,0j
6.00375,0j
6.0025,0j
6.00125,0j
6.0,0j
5.99875,0j
5.9975,0j
5.99625,0j
5.995,0j
5.99375,0j
5.9925,0j
5.99125,0j
5.99,0j
5.98875,0j
5.9875,0j
5.98625,0j
5.985,0j
5.98375,0j
5.9825,0j
5.98125,0j
5.98,0j
5.97875,0j
5.9775,0j
5.97625,0j
5.975,0j
5.97375,0j
5.9725,0j
5.97125,0j
5.97,0j
5.96875,0j
5.9675,0j
5.96625,0j
5.965,0j
5.96375,0j
5.9625,0j
5.96125,0j
5.96,0j
5.95875,0j
5.9575,0j
5.95625,0j
5.955,0j
5.95375,0j
5.9525,0j
5.95125,0j
5.95,0j
5.94875,0j
5.9475,0j
5.94625,0j
5.945,0j
5.94375,0j
5.9425,0j
5.94125,0j
5.94,0j
5.93875,0j
5.9375,0j
5.93625,0j
5.935,0j
5.93375,0j
5.9325,0j
5.93125,0j
5.93,0j
5.92875,0j
5.9275,0j
5.92625,0j
5.925,0j
5.92375,0j
5.9225,0j
5.92125,0j
5.92,0j
5.91875,0j
5.9175,0j
5.91625,0j
5.915,0j
5.91375,0j
5.9125,0j
5.91125,0j
5.91,0j
5.90875,0j
5.9075,0j
5.90625,0j
5.905,0j
5.90375,0j
5.9025,0j
5.90125,0j
5.9,0j
5.89875,0j
5.8975,0j
5.89625,0j
5.895,0j
5.89375,0j
5.8925,0j
5.89125,0j
5.89,0j
5.88875,0j
5.8875,0j
5.88625,0j
5.885,0j
5.88375,0j
5.8825,0j
5.88125,0j
5.88,0j
5.87875,0j
5.8775,0j
5.87625,0j
5.875,0j
5.87375,0j
5.8725,0j
5.87125,0j
5.87,0j
5.86875,0j
5.8675,0j
5.86625,0j
5.865,0j
5.86375,0j
5.8625,0j
5.86125,0j
5.86,0j
5.85875,0j
5.8575,0j
5.85625,0j
5.855,0j
5.85375,0j
5.8525,0j
5.85125,0j
5.85,0j
5.84875,0j
5.8475,0j
5.84625,0j
5.845,0j
5.84375,0j
5.8425,0j
5.84125,0j
5.84,0j
5.83875,0j
5.8375,0j
5.83625,0j
5.835,0j
5.83375,0j
5.8325,0j
5.83125,0j
5.83,0j
5.82875,0j
5.8275,0j
5.82625,0j
5.825,0j
5.82375,0j
5.8225,0j
5.82125,0j
5.82,0j
5.81875,0j
5.8175,0j
5.81625,0j
5.815,0j
5.81375,0j
5.8125,0j
5.81125,0j
5.81,0j
5.80875,0j
5.8075,0j
5.80625,0j
5.805,0j
5.80375,0j
5.8025,0j
5.80125,0j
5.8,0j
5.79875,0j
5.7975,0j
5.79625,0j
5.795,0j
5.79375,0j
5.7925,0j
5.79125,0j
5.79,0j
5.78875,0j
5.7875,0j
5.78625,0j
5.785,0j
5.78375,0j
5.7825,0j
5.78125,0j
5.78,0j
5.77875,0j
5.7775,0j
5.77625,0j
5.775,0j
5.77375,0j
5.7725,0j
5.77125,0j
5.77,0j
5.76875,0j
5.7675,0j
5.76625,0j
5.765,0j
5.76375,0j
5.7625,0j
5.76125,0j
5.76,0j
5.75875,0j
5.7575,0j
5.75625,0j
5.755,0j
5.75375,0j
5.7525,0j
5.75125,0j
5.75,0j
5.74875,0j
5.7475,0j
5.74625,0j
5.745,0j
5.74375,0j
5.7425,0j
5.74125,0j
5.74,0j
5.73875,0j
5.7375,0j
5.73625,0j
5.735,0j
5.73375,0j
5.7325,0j
5.73125,0j
5.73,0j
5.72875,0j
5.7275,0j
5.72625,0j
5.725,0j
5.72375,0j
5.7225,0j
5.72125,0j
5.72,0j
5.71875,0j
5.7175,0j
5.71625,0j
5.715,0j
5.71375,0j
5.7125,0j
5.71125,0j
5.71,0j
5.70875,0j
5.7075,0j
5.70625,0j
5.705,0j
5.70375,0j
5.7025,0j
5.70125,0j
5.7,0j
5.69875,0j
5.6975,0j
5.69625,0j
5.695,0j
5.69375,0j
5.6925,0j
5.69125,0j
5.69,0j
5.68875,0j
5.6875,0j
5.68625,0j
5.685,0j
5.68375,0j
5.6825,0j
5.68125,0j
5.68,0j
5.67875,0j
5.6775,0j
5.67625,0j
5.675,0j
5.67375,0j
5.6725,0j
5.67125,0j
5.67,0j
5.66875,0j
5.6675,0j
5.66625,0j
5.665,0j
5.66375,0j
5.6625,0j
5.66125,0j
5.66,0j
5.65875,0j
5.6575,0j
5.65625,0j
5.655,0j
5.65375,0j
5.6525,0j
5.65125,0j
5.65,0j
5.64875,0j
5.6475,0j
5.64625,0j
5.645,0j
5.64375,0j
5.6425,0j
5.64125,0j
5.64,0j
5.63875,0j
5.6375,0j
5.63625,0j
5.635,0j
5.63375,0j
5.6325,0j
5.63125,0j
5.63,0j
5.62875,0j
5.6275,0j
5.62625,0j
5.625,0j
5.62375,0j
5.6225,0j
5.62125,0j
5.62,0j
5.61875,0j
5.6175,0j
5.61625,0j
5.615,0j
5.61375,0j
5.6125,0j
5.61125,0j
5.61,0j
5.60875,0j
5.6075,0j
5.60625,0j
5.605,0j
5.60375,0j
5.6025,0j
5.60125,0j
5.6,0j
5.59875,0j
5.5975,0j
5.59625,0j
5.595,0j
5.59375,0j
5.5925,0j
5.59125,0j
5.59,0j
5.58875,0j
5.5875,0j
5.58625,0j
5.585,0j
5.58375,0j
5.5825,0j
5.58125,0j
5.58,0j
5.57875,0j
5.5775,0j
5.57625,0j
5.575,0j
5.57375,0j
5.5725,0j
5.57125,0j
5.57,0j
5.56875,0j
5.5675,0j
5.56625,0j
5.565,0j
5.56375,0j
5.5625,0j
5.56125,0j
5.56,0j
5.55875,0j
5.5575,0j
5.55625,0j
5.555,0j
5.55375,0j
5.5525,0j
5.55125,0j
5.55,0j
5.54875,0j
5.5475,0j
5.54625,0j
5.545,0j
5.54375,0j
5.5425,0j
5.54125,0j
5.54,0j
5.53875,0j
5.5375,0j
5.53625,0j
5.535,0j
5.53375,0j
5.5325,0j
5.53125,0j
5.53,0j
5.52875,0j
5.5275,0j
5.52625,0j
5.525,0j
5.52375,0j
5.5225,0j
5.52125,0j
5.52,0j
5.51875,0j
5.5175,0j
5.51625,0j
5.515,0j
5.51375,0j
5.5125,0j
5.51125,0j
5.51,0j
5.50875,0j
5.5075,0j
5.50625,0j
5.505,0j
5.50375,0j
5.5025,0j
5.50125,0j
5.5,0j
5.49875,0j
5.4975,0j
5.49625,0j
5.495,0j
5.49375,0j
5.4925,0j
5.49125,0j
5.49,0j
5.48875,0j
5.4875,0j
5.48625,0j
5.485,0j
5.48375,0j
5.4825,0j
5.48125,0j
5.48,0j
5.47875,0j
5.4775,0j
5.47625,0j
5.475,0j
5.47375,0j
5.4725,0j
5.47125,0j
5.47,0j
5.46875,0j
5.4675,0j
5.46625,0j
5.465,0j
5.46375,0j
5.4625,0j
5.46125,0j
5.46,0j
5.45875,0j
5.4575,0j
5.45625,0j
5.455,0j
5.45375,0j
5.4525,0j
5.45125,0j
5.45,0j
5.44875,0j
5.4475,0j
5.44625,0j
5.445,0j
5.44375,0j
5.4425,0j
5.44125,0j
5.44,0j
5.43875,0j
5.4375,0j
5.43625,0j
5.435,0j
5.43375,0j
5.4325,0j
5.43125,0j
5.43,0j
5.42875,0j
5.4275,0j
5.42625,0j
5.425,0j
5.42375,0j
5.4225,0j
5.42125,0j
5.42,0j
5.41875,0j
5.4175,0j
5.41625,0j
5.415,0j
5.41375,0j
5.4125,0j
5.41125,0j
5.41,0j
5.40875,0j
5.4075,0j
5.40625,0j
5.405,0j
5.40375,0j
5.4025,0j
5.40125,0j
5.4,0j
5.39875,0j
5.3975,0j
5.39625,0j
5.395,0j
5.39375,0j
5.3925,0j
5.39125,0j
5.39,0j
5.38875,0j
5.3875,0j
5.38625,0j
5.385,0j
5.38375,0j
5.3825,0j
5.38125,0j
5.38,0j
5.37875,0j
5.3775,0j
5.37625,0j
5.375,0j
5.37375,0j
5.3725,0j
5.37125,0j
5.37,0j
5.36875,0j
5.3675,0j
5.36625,0j
5.365,0j
5.36375,0j
5.3625,0j
5.36125,0j
5.36,0j
5.35875,0j
5.3575,0j
5.35625,0j
5.355,0j
5.35375,0j
5.3525,0j
5.35125,0j
5.35,0j
5.34875,0j
5.3475,0j
5.34625,0j
5.345,0j
5.34375,0j
5.3425,0j
5.34125,0j
5.34,0j
5.33875,0j
5.3375,0j
5.33625,0j
5.335,0j
5.33375,0j
5.3325,0j
5.33125,0j
5.33,0j
5.32875,0j
5.3275,0j
5.32625,0j
5.325,0j
5.32375,0j
5.3225,0j
5.32125,0j
5.32,0j
5.31875,0j
5.3175,0j
5.31625,0j
5.315,0j
5.31375,0j
5.3125,0j
5.31125,0j
5.31,0j
5.30875,0j
5.3075,0j
5.30625,0j
5.305,0j
5.30375,0j
5.3025,0j
5.30125,0j
5.3,0j
5.29875,0j
5.2975,0j
5.29625,0j
5.295,0j
5.29375,0j
5.2925,0j
5.29125,0j
5.29,0j
5.28875,0j
5.2875,0j
5.28625,0j
5.285,0j
5.28375,0j
5.2825,0j
5.28125,0j
5.28,0j
5.27875,0j
5.2775,0j
5.27625,0j
5.275,0j
5.27375,0j
5.2725,0j
5.27125,0j
5.27,0j
5.26875,0j
5.2675,0j
5.26625,0j
5.265,0j
5.26375,0j
5.2625,0j
5.26125,0j
5.26,0j
5.25875,0j
5.2575,0j
5.25625,0j
5.255,0j
5.25375,0j
5.2525,0j
5.25125,0j
5.25,0j
5.24875,0j
5.2475,0j
5.24625,0j
5.245,0j
5.24375,0j
5.2425,0j
5.24125,0j
5.24,0j
5.23875,0j
5.2375,0j
5.23625,0j
5.235,0j
5.23375,0j
5.2325,0j
5.23125,0j
5.23,0j
5.22875,0j
5.2275,0j
5.22625,0j
5.225,0j
5.22375,0j
5.2225,0j
5.22125,0j
5.22,0j
5.21875,0j
5.2175,0j
5.21625,0j
5.215,0j
5.21375,0j
5.2125,0j
5.21125,0j
5.21,0j
5.20875,0j
5.2075,0j
5.20625,0j
5.205,0j
5.20375,0j
5.2025,0j
5.20125,0j
5.2,0j
5.19875,0j
5.1975,0j
5.19625,0j
5.195,0j
5.19375,0j
5.1925,0j
5.19125,0j
5.19,0j
5.18875,0j
5.1875,0j
5.18625,0j
5.185,0j
5.18375,0j
5.1825,0j
5.18125,0j
5.18,0j
5.17875,0j
5.1775,0j
5.17625,0j
5.175,0j
5.17375,0j
5.1725,0j
5.17125,0j
5.17,0j
5.16875,0j
5.1675,0j
5.16625,0j
5.165,0j
5.16375,0j
5.1625,0j
5.16125,0j
5.16,0j
5.15875,0j
5.1575,0j
5.15625,0j
5.155,0j
5.15375,0j
5.1525,0j
5.15125,0j
5.15,0j
5.14875,0j
5.1475,0j
5.14625,0j
5.145,0j
5.14375,0j
5.1425,0j
5.14125,0j
5.14,0j
5.13875,0j
5.1375,0j
5.13625,0j
5.135,0j
5.13375,0j
5.1325,0j
5.13125,0j
5.13,0j
5.12875,0j
5.1275,0j
5.12625,0j
5.125,0j
5.12375,0j
5.1225,0j
5.12125,0j
5.12,0j
5.11875,0j
5.1175,0j
5.11625,0j
5.115,0j
5.11375,0j
5.1125,0j
5.11125,0j
5.11,0j
5.10875,0j
5.1075,0j
5.10625,0j
5.105,0j
5.10375,0j
5.1025,0j
5.10125,0j
5.1,0j
5.09875,0j
5.0975,0j
5.09625,0j
5.095,0j
5.09375,0j
5.0925,0j
5.09125,0j
5.09,0j
5.08875,0j
5.0875,0j
5.08625,0j
5.085,0j
5.08375,0j
5.0825,0j
5.08125,0j
5.08,0j
5.07875,0j
5.0775,0j
5.07625,0j
5.075,0j
5.07375,0j
5.0725,0j
5.07125,0j
5.07,0j
5.06875,0j
5.0675,0j
5.06625,0j
5.065,0j
5.06375,0j
5.0625,0j
5.06125,0j
5.06,0j
5.05875,0j
5.0575,0j
5.05625,0j
5.055,0j
5.05375,0j
5.0525,0j
5.05125,0j
5.05,0j
5.04875,0j
5.0475,0j
5.04625,0j
5.045,0j
5.04375,0j
5.0425,0j
5.04125,0j
5.04,0j
5.03875,0j
5.0375,0j
5.03625,0j
5.035,0j
5.03375,0j
5.0325,0j
5.03125,0j
5.03,0j
5.02875,0j
5.0275,0j
5.02625,0j
5.025,0j
5.02375,0j
5.0225,0j
5.02125,0j
5.02,0j
5.01875,0j
5.0175,0j
5.01625,0j
5.015,0j
5.01375,0j
5.0125,0j
5.01125,0j
5.01,0j
5.00875,0j
5.0075,0j
5.00625,0j
5.005,0j
5.00375,0j
5.0025,0j
5.00125,0j
5.0,0j
4.99875,0j
4.9975,0j
4.99625,0j
4.995,0j
4.99375,0j
4.9925,0j
4.99125,0j
4.99,0j
4.98875,0j
4.9875,0j
4.98625,0j
4.985,0j
4.98375,0j
4.9825,0j
4.98125,0j
4.98,0j
4.97875,0j
4.9775,0j
4.97625,0j
4.975,0j
4.97375,0j
4.9725,0j
4.97125,0j
4.97,0j
4.96875,0j
4.9675,0j
4.96625,0j
4.965,0j
4.96375,0j
4.9625,0j
4.96125,0j
4.96,0j
4.95875,0j
4.9575,0j
4.95625,0j
4.955,0j
4.95375,0j
4.9525,0j
4.95125,0j
4.95,0j
4.94875,0j
4.9475,0j
4.94625,0j
4.945,0j
4.94375,0j
4.9425,0j
4.94125,0j
4.94,0j
4.93875,0j
4.9375,0j
4.93625,0j
4.935,0j
4.93375,0j
4.9325,0j
4.93125,0j
4.93,0j
4.92875,0j
4.9275,0j
4.92625,0j
4.925,0j
4.92375,0j
4.9225,0j
4.92125,0j
4.92,0j
4.91875,0j
4.9175,0j
4.91625,0j
4.915,0j
4.91375,0j
4.9125,0j
4.91125,0j
4.91,0j
4.90875,0j
4.9075,0j
4.90625,0j
4.905,0j
4.90375,0j
4.9025,0j
4.90125,0j
4.9,0j
4.89875,0j
4.8975,0j
4.89625,0j
4.895,0j
4.89375,0j
4.8925,0j
4.89125,0j
4.89,0j
4.88875,0j
4.8875,0j
4.88625,0j
4.885,0j
4.88375,0j
4.8825,0j
4.88125,0j
4.88,0j
4.87875,0j
4.8775,0j
4.87625,0j
4.875,0j
4.87375,0j
4.8725,0j
4.87125,0j
4.87,0j
4.86875,0j
4.8675,0j
4.86625,0j
4.865,0j
4.86375,0j
4.8625,0j
4.86125,0j
4.86,0j
4.85875,0j
4.8575,0j
4.85625,0j
4.855,0j
4.85375,0j
4.8525,0j
4.85125,0j
4.85,0j
4.84875,0j
4.8475,0j
4.84625,0j
4.845,0j
4.84375,0j
4.8425,0j
4.84125,0j
4.84,0j
4.83875,0j
4.8375,0j
4.83625,0j
4.835,0j
4.83375,0j
4.8325,0j
4.83125,0j
4.83,0j
4.82875,0j
4.8275,0j
4.82625,0j
4.825,0j
4.82375,0j
4.8225,0j
4.82125,0j
4.82,0j
4.81875,0j
4.8175,0j
4.81625,0j
4.815,0j
4.81375,0j
4.8125,0j
4.81125,0j
4.81,0j
4.80875,0j
4.8075,0j
4.80625,0j
4.805,0j
4.80375,0j
4.8025,0j
4.80125,0j
4.8,0j
4.79875,0j
4.7975,0j
4.79625,0j
4.795,0j
4.79375,0j
4.7925,0j
4.79125,0j
4.79,0j
4.78875,0j
4.7875,0j
4.78625,0j
4.785,0j
4.78375,0j
4.7825,0j
4.78125,0j
4.78,0j
4.77875,0j
4.7775,0j
4.77625,0j
4.775,0j
4.77375,0j
4.7725,0j
4.77125,0j
4.77,0j
4.76875,0j
4.7675,0j
4.76625,0j
4.765,0j
4.76375,0j
4.7625,0j
4.76125,0j
4.76,0j
4.75875,0j
4.7575,0j
4.75625,0j
4.755,0j
4.75375,0j
4.7525,0j
4.75125,0j
4.75,0j
4.74875,0j
4.7475,0j
4.74625,0j
4.745,0j
4.74375,0j
4.7425,0j
4.74125,0j
4.74,0j
4.73875,0j
4.7375,0j
4.73625,0j
4.735,0j
4.73375,0j
4.7325,0j
4.73125,0j
4.73,0j
4.72875,0j
4.7275,0j
4.72625,0j
4.725,0j
4.72375,0j
4.7225,0j
4.72125,0j
4.72,0j
4.71875,0j
4.7175,0j
4.71625,0j
4.715,0j
4.71375,0j
4.7125,0j
4.71125,0j
4.71,0j
4.70875,0j
4.7075,0j
4.70625,0j
4.705,0j
4.70375,0j
4.7025,0j
4.70125,0j
4.7,0j
4.69875,0j
4.6975,0j
4.69625,0j
4.695,0j
4.69375,0j
4.6925,0j
4.69125,0j
4.69,0j
4.68875,0j
4.6875,0j
4.68625,0j
4.685,0j
4.68375,0j
4.6825,0j
4.68125,0j
4.68,0j
4.67875,0j
4.6775,0j
4.67625,0j
4.675,0j
4.67375,0j
4.6725,0j
4.67125,0j
4.67,0j
4.66875,0j
4.6675,0j
4.66625,0j
4.665,0j
4.66375,0j
4.6625,0j
4.66125,0j
4.66,0j
4.65875,0j
4.6575,0j
4.65625,0j
4.655,0j
4.65375,0j
4.6525,0j
4.65125,0j
4.65,0j
4.64875,0j
4.6475,0j
4.64625,0j
4.645,0j
4.64375,0j
4.6425,0j
4.64125,0j
4.64,0j
4.63875,0j
4.6375,0j
4.63625,0j
4.635,0j
4.63375,0j
4.6325,0j
4.63125,0j
4.63,0j
4.62875,0j
4.6275,0j
4.62625,0j
4.625,0j
4.62375,0j
4.6225,0j
4.62125,0j
4.62,0j
4.61875,0j
4.6175,0j
4.61625,0j
4.615,0j
4.61375,0j
4.6125,0j
4.61125,0j
4.61,0j
4.60875,0j
4.6075,0j
4.60625,0j
4.605,0j
4.60375,0j
4.6025,0j
4.60125,0j
4.6,0j
4.59875,0j
4.5975,0j
4.59625,0j
4.595,0j
4.59375,0j
4.5925,0j
4.59125,0j
4.59,0j
4.58875,0j
4.5875,0j
4.58625,0j
4.585,0j
4.58375,0j
4.5825,0j
4.58125,0j
4.58,0j
4.57875,0j
4.5775,0j
4.57625,0j
4.575,0j
4.57375,0j
4.5725,0j
4.57125,0j
4.57,0j
4.56875,0j
4.5675,0j
4.56625,0j
4.565,0j
4.56375,0j
4.5625,0j
4.56125,0j
4.56,0j
4.55875,0j
4.5575,0j
4.55625,0j
4.555,0j
4.55375,0j
4.5525,0j
4.55125,0j
4.55,0j
4.54875,0j
4.5475,0j
4.54625,0j
4.545,0j
4.54375,0j
4.5425,0j
4.54125,0j
4.54,0j
4.53875,0j
4.5375,0j
4.53625,0j
4.535,0j
4.53375,0j
4.5325,0j
4.53125,0j
4.53,0j
4.52875,0j
4.5275,0j
4.52625,0j
4.525,0j
4.52375,0j
4.5225,0j
4.52125,0j
4.52,0j
4.51875,0j
4.5175,0j
4.51625,0j
4.515,0j
4.51375,0j
4.5125,0j
4.51125,0j
4.51,0j
4.50875,0j
4.5075,0j
4.50625,0j
4.505,0j
4.50375,0j
4.5025,0j
4.50125,0j
4.5,0j
4.49875,0j
4.4975,0j
4.49625,0j
4.495,0j
4.49375,0j
4.4925,0j
4.49125,0j
4.49,0j
4.48875,0j
4.4875,0j
4.48625,0j
4.485,0j
4.48375,0j
4.4825,0j
4.48125,0j
4.48,0j
4.47875,0j
4.4775,0j
4.47625,0j
4.475,0j
4.47375,0j
4.4725,0j
4.47125,0j
4.47,0j
4.46875,0j
4.4675,0j
4.46625,0j
4.465,0j
4.46375,0j
4.4625,0j
4.46125,0j
4.46,0j
4.45875,0j
4.4575,0j
4.45625,0j
4.455,0j
4.45375,0j
4.4525,0j
4.45125,0j
4.45,0j
4.44875,0j
4.4475,0j
4.44625,0j
4.445,0j
4.44375,0j
4.4425,0j
4.44125,0j
4.44,0j
4.43875,0j
4.4375,0j
4.43625,0j
4.435,0j
4.43375,0j
4.4325,0j
4.43125,0j
4.43,0j
4.42875,0j
4.4275,0j
4.42625,0j
4.425,0j
4.42375,0j
4.4225,0j
4.42125,0j
4.42,0j
4.41875,0j
4.4175,0j
4.41625,0j
4.415,0j
4.41375,0j
4.4125,0j
4.41125,0j
4.41,0j
4.40875,0j
4.4075,0j
4.40625,0j
4.405,0j
4.40375,0j
4.4025,0j
4.40125,0j
4.4,0j
4.39875,0j
4.3975,0j
4.39625,0j
4.395,0j
4.39375,0j
4.3925,0j
4.39125,0j
4.39,0j
4.38875,0j
4.3875,0j
4.38625,0j
4.385,0j
4.38375,0j
4.3825,0j
4.38125,0j
4.38,0j
4.37875,0j
4.3775,0j
4.37625,0j
4.375,0j
4.37375,0j
4.3725,0j
4.37125,0j
4.37,0j
4.36875,0j
4.3675,0j
4.36625,0j
4.365,0j
4.36375,0j
4.3625,0j
4.36125,0j
4.36,0j
4.35875,0j
4.3575,0j
4.35625,0j
4.355,0j
4.35375,0j
4.3525,0j
4.35125,0j
4.35,0j
4.34875,0j
4.3475,0j
4.34625,0j
4.345,0j
4.34375,0j
4.3425,0j
4.34125,0j
4.34,0j
4.33875,0j
4.3375,0j
4.33625,0j
4.335,0j
4.33375,0j
4.3325,0j
4.33125,0j
4.33,0j
4.32875,0j
4.3275,0j
4.32625,0j
4.325,0j
4.32375,0j
4.3225,0j
4.32125,0j
4.32,0j
4.31875,0j
4.3175,0j
4.31625,0j
4.315,0j
4.31375,0j
4.3125,0j
4.31125,0j
4.31,0j
4.30875,0j
4.3075,0j
4.30625,0j
4.305,0j
4.30375,0j
4.3025,0j
4.30125,0j
4.3,0j
4.29875,0j
4.2975,0j
4.29625,0j
4.295,0j
4.29375,0j
4.2925,0j
4.29125,0j
4.29,0j
4.28875,0j
4.2875,0j
4.28625,0j
4.285,0j
4.28375,0j
4.2825,0j
4.28125,0j
4.28,0j
4.27875,0j
4.2775,0j
4.27625,0j
4.275,0j
4.27375,0j
4.2725,0j
4.27125,0j
4.27,0j
4.26875,0j
4.2675,0j
4.26625,0j
4.265,0j
4.26375,0j
4.2625,0j
4.26125,0j
4.26,0j
4.25875,0j
4.2575,0j
4.25625,0j
4.255,0j
4.25375,0j
4.2525,0j
4.25125,0j
4.25,0j
4.24875,0j
4.2475,0j
4.24625,0j
4.245,0j
4.24375,0j
4.2425,0j
4.24125,0j
4.24,0j
4.23875,0j
4.2375,0j
4.23625,0j
4.235,0j
4.23375,0j
4.2325,0j
4.23125,0j
4.23,0j
4.22875,0j
4.2275,0j
4.22625,0j
4.225,0j
4.22375,0j
4.2225,0j
4.22125,0j
4.22,0j
4.21875,0j
4.2175,0j
4.21625,0j
4.215,0j
4.21375,0j
4.2125,0j
4.21125,0j
4.21,0j
4.20875,0j
4.2075,0j
4.20625,0j
4.205,0j
4.20375,0j
4.2025,0j
4.20125,0j
4.2,0j
4.19875,0j
4.1975,0j
4.19625,0j
4.195,0j
4.19375,0j
4.1925,0j
4.19125,0j
4.19,0j
4.18875,0j
4.1875,0j
4.18625,0j
4.185,0j
4.18375,0j
4.1825,0j
4.18125,0j
4.18,0j
4.17875,0j
4.1775,0j
4.17625,0j
4.175,0j
4.17375,0j
4.1725,0j
4.17125,0j
4.17,0j
4.16875,0j
4.1675,0j
4.16625,0j
4.165,0j
4.16375,0j
4.1625,0j
4.16125,0j
4.16,0j
4.15875,0j
4.1575,0j
4.15625,0j
4.155,0j
4.15375,0j
4.1525,0j
4.15125,0j
4.15,0j
4.14875,0j
4.1475,0j
4.14625,0j
4.145,0j
4.14375,0j
4.1425,0j
4.14125,0j
4.14,0j
4.13875,0j
4.1375,0j
4.13625,0j
4.135,0j
4.13375,0j
4.1325,0j
4.13125,0j
4.13,0j
4.12875,0j
4.1275,0j
4.12625,0j
4.125,0j
4.12375,0j
4.1225,0j
4.12125,0j
4.12,0j
4.11875,0j
4.1175,0j
4.11625,0j
4.115,0j
4.11375,0j
4.1125,0j
4.11125,0j
4.11,0j
4.10875,0j
4.1075,0j
4.10625,0j
4.105,0j
4.10375,0j
4.1025,0j
4.10125,0j
4.1,0j
4.09875,0j
4.0975,0j
4.09625,0j
4.095,0j
4.09375,0j
4.0925,0j
4.09125,0j
4.09,0j
4.08875,0j
4.0875,0j
4.08625,0j
4.085,0j
4.08375,0j
4.0825,0j
4.08125,0j
4.08,0j
4.07875,0j
4.0775,0j
4.07625,0j
4.075,0j
4.07375,0j
4.0725,0j
4.07125,0j
4.07,0j
4.06875,0j
4.0675,0j
4.06625,0j
4.065,0j
4.06375,0j
4.0625,0j
4.06125,0j
4.06,0j
4.05875,0j
4.0575,0j
4.05625,0j
4.055,0j
4.05375,0j
4.0525,0j
4.05125,0j
4.05,0j
4.04875,0j
4.0475,0j
4.04625,0j
4.045,0j
4.04375,0j
4.0425,0j
4.04125,0j
4.04,0j
4.03875,0j
4.0375,0j
4.03625,0j
4.035,0j
4.03375,0j
4.0325,0j
4.03125,0j
4.03,0j
4.02875,0j
4.0275,0j
4.02625,0j
4.025,0j
4.02375,0j
4.0225,0j
4.02125,0j
4.02,0j
4.01875,0j
4.0175,0j
4.01625,0j
4.015,0j
4.01375,0j
4.0125,0j
4.01125,0j
4.01,0j
4.00875,0j
4.0075,0j
4.00625,0j
4.005,0j
4.00375,0j
4.0025,0j
4.00125,0j
4.0,0j
3.99875,0j
3.9975,0j
3.99625,0j
3.995,0j
3.99375,0j
3.9925,0j
3.99125,0j
3.99,0j
3.98875,0j
3.9875,0j
3.98625,0j
3.985,0j
3.98375,0j
3.9825,0j
3.98125,0j
3.98,0j
3.97875,0j
3.9775,0j
3.97625,0j
3.975,0j
3.97375,0j
3.9725,0j
3.97125,0j
3.97,0j
3.96875,0j
3.9675,0j
3.96625,0j
3.965,0j
3.96375,0j
3.9625,0j
3.96125,0j
3.96,0j
3.95875,0j
3.9575,0j
3.95625,0j
3.955,0j
3.95375,0j
3.9525,0j
3.95125,0j
3.95,0j
3.94875,0j
3.9475,0j
3.94625,0j
3.945,0j
3.94375,0j
3.9425,0j
3.94125,0j
3.94,0j
3.93875,0j
3.9375,0j
3.93625,0j
3.935,0j
3.93375,0j
3.9325,0j
3.93125,0j
3.93,0j
3.92875,0j
3.9275,0j
3.92625,0j
3.925,0j
3.92375,0j
3.9225,0j
3.92125,0j
3.92,0j
3.91875,0j
3.9175,0j
3.91625,0j
3.915,0j
3.91375,0j
3.9125,0j
3.91125,0j
3.91,0j
3.90875,0j
3.9075,0j
3.90625,0j
3.905,0j
3.90375,0j
3.9025,0j
3.90125,0j
3.9,0j
3.89875,0j
3.8975,0j
3.89625,0j
3.895,0j
3.89375,0j
3.8925,0j
3.89125,0j
3.89,0j
3.88875,0j
3.8875,0j
3.88625,0j
3.885,0j
3.88375,0j
3.8825,0j
3.88125,0j
3.88,0j
3.87875,0j
3.8775,0j
3.87625,0j
3.875,0j
3.87375,0j
3.8725,0j
3.87125,0j
3.87,0j
3.86875,0j
3.8675,0j
3.86625,0j
3.865,0j
3.86375,0j
3.8625,0j
3.86125,0j
3.86,0j
3.85875,0j
3.8575,0j
3.85625,0j
3.855,0j
3.85375,0j
3.8525,0j
3.85125,0j
3.85,0j
3.84875,0j
3.8475,0j
3.84625,0j
3.845,0j
3.84375,0j
3.8425,0j
3.84125,0j
3.84,0j
3.83875,0j
3.8375,0j
3.83625,0j
3.835,0j
3.83375,0j
3.8325,0j
3.83125,0j
3.83,0j
3.82875,0j
3.8275,0j
3.82625,0j
3.825,0j
3.82375,0j
3.8225,0j
3.82125,0j
3.82,0j
3.81875,0j
3.8175,0j
3.81625,0j
3.815,0j
3.81375,0j
3.8125,0j
3.81125,0j
3.81,0j
3.80875,0j
3.8075,0j
3.80625,0j
3.805,0j
3.80375,0j
3.8025,0j
3.80125,0j
3.8,0j
3.79875,0j
3.7975,0j
3.79625,0j
3.795,0j
3.79375,0j
3.7925,0j
3.79125,0j
3.79,0j
3.78875,0j
3.7875,0j
3.78625,0j
3.785,0j
3.78375,0j
3.7825,0j
3.78125,0j
3.78,0j
3.77875,0j
3.7775,0j
3.77625,0j
3.775,0j
3.77375,0j
3.7725,0j
3.77125,0j
3.77,0j
3.76875,0j
3.7675,0j
3.76625,0j
3.765,0j
3.76375,0j
3.7625,0j
3.76125,0j
3.76,0j
3.75875,0j
3.7575,0j
3.75625,0j
3.755,0j
3.75375,0j
3.7525,0j
3.75125,0j
3.75,0j
3.74875,0j
3.7475,0j
3.74625,0j
3.745,0j
3.74375,0j
3.7425,0j
3.74125,0j
3.74,0j
3.73875,0j
3.7375,0j
3.73625,0j
3.735,0j
3.73375,0j
3.7325,0j
3.73125,0j
3.73,0j
3.72875,0j
3.7275,0j
3.72625,0j
3.725,0j
3.72375,0j
3.7225,0j
3.72125,0j
3.72,0j
3.71875,0j
3.7175,0j
3.71625,0j
3.715,0j
3.71375,0j
3.7125,0j
3.71125,0j
3.71,0j
3.70875,0j
3.7075,0j
3.70625,0j
3.705,0j
3.70375,0j
3.7025,0j
3.70125,0j
3.7,0j
3.69875,0j
3.6975,0j
3.69625,0j
3.695,0j
3.69375,0j
3.6925,0j
3.69125,0j
3.69,0j
3.68875,0j
3.6875,0j
3.68625,0j
3.685,0j
3.68375,0j
3.6825,0j
3.68125,0j
3.68,0j
3.67875,0j
3.6775,0j
3.67625,0j
3.675,0j
3.67375,0j
3.6725,0j
3.67125,0j
3.67,0j
3.66875,0j
3.6675,0j
3.66625,0j
3.665,0j
3.66375,0j
3.6625,0j
3.66125,0j
3.66,0j
3.65875,0j
3.6575,0j
3.65625,0j
3.655,0j
3.65375,0j
3.6525,0j
3.65125,0j
3.65,0j
3.64875,0j
3.6475,0j
3.64625,0j
3.645,0j
3.64375,0j
3.6425,0j
3.64125,0j
3.64,0j
3.63875,0j
3.6375,0j
3.63625,0j
3.635,0j
3.63375,0j
3.6325,0j
3.63125,0j
3.63,0j
3.62875,0j
3.6275,0j
3.62625,0j
3.625,0j
3.62375,0j
3.6225,0j
3.62125,0j
3.62,0j
3.61875,0j
3.6175,0j
3.61625,0j
3.615,0j
3.61375,0j
3.6125,0j
3.61125,0j
3.61,0j
3.60875,0j
3.6075,0j
3.60625,0j
3.605,0j
3.60375,0j
3.6025,0j
3.60125,0j
3.6,0j
3.59875,0j
3.5975,0j
3.59625,0j
3.595,0j
3.59375,0j
3.5925,0j
3.59125,0j
3.59,0j
3.58875,0j
3.5875,0j
3.58625,0j
3.585,0j
3.58375,0j
3.5825,0j
3.58125,0j
3.58,0j
3.57875,0j
3.5775,0j
3.57625,0j
3.575,0j
3.57375,0j
3.5725,0j
3.57125,0j
3.57,0j
3.56875,0j
3.5675,0j
3.56625,0j
3.565,0j
3.56375,0j
3.5625,0j
3.56125,0j
3.56,0j
3.55875,0j
3.5575,0j
3.55625,0j
3.555,0j
3.55375,0j
3.5525,0j
3.55125,0j
3.55,0j
3.54875,0j
3.5475,0j
3.54625,0j
3.545,0j
3.54375,0j
3.5425,0j
3.54125,0j
3.54,0j
3.53875,0j
3.5375,0j
3.53625,0j
3.535,0j
3.53375,0j
3.5325,0j
3.53125,0j
3.53,0j
3.52875,0j
3.5275,0j
3.52625,0j
3.525,0j
3.52375,0j
3.5225,0j
3.52125,0j
3.52,0j
3.51875,0j
3.5175,0j
3.51625,0j
3.515,0j
3.51375,0j
3.5125,0j
3.51125,0j
3.51,0j
3.50875,0j
3.5075,0j
3.50625,0j
3.505,0j
3.50375,0j
3.5025,0j
3.50125,0j
3.5,0j
3.49875,0j
3.4975,0j
3.49625,0j
3.495,0j
3.49375,0j
3.4925,0j
3.49125,0j
3.49,0j
3.48875,0j
3.4875,0j
3.48625,0j
3.485,0j
3.48375,0j
3.4825,0j
3.48125,0j
3.48,0j
3.47875,0j
3.4775,0j
3.47625,0j
3.475,0j
3.47375,0j
3.4725,0j
3.47125,0j
3.47,0j
3.46875,0j
3.4675,0j
3.46625,0j
3.465,0j
3.46375,0j
3.4625,0j
3.46125,0j
3.46,0j
3.45875,0j
3.4575,0j
3.45625,0j
3.455,0j
3.45375,0j
3.4525,0j
3.45125,0j
3.45,0j
3.44875,0j
3.4475,0j
3.44625,0j
3.445,0j
3.44375,0j
3.4425,0j
3.44125,0j
3.44,0j
3.43875,0j
3.4375,0j
3.43625,0j
3.435,0j
3.43375,0j
3.4325,0j
3.43125,0j
3.43,0j
3.42875,0j
3.4275,0j
3.42625,0j
3.425,0j
3.42375,0j
3.4225,0j
3.42125,0j
3.42,0j
3.41875,0j
3.4175,0j
3.41625,0j
3.415,0j
3.41375,0j
3.4125,0j
3.41125,0j
3.41,0j
3.40875,0j
3.4075,0j
3.40625,0j
3.405,0j
3.40375,0j
3.4025,0j
3.40125,0j
3.4,0j
3.39875,0j
3.3975,0j
3.39625,0j
3.395,0j
3.39375,0j
3.3925,0j
3.39125,0j
3.39,0j
3.38875,0j
3.3875,0j
3.38625,0j
3.385,0j
3.38375,0j
3.3825,0j
3.38125,0j
3.38,0j
3.37875,0j
3.3775,0j
3.37625,0j
3.375,0j
3.37375,0j
3.3725,0j
3.37125,0j
3.37,0j
3.36875,0j
3.3675,0j
3.36625,0j
3.365,0j
3.36375,0j
3.3625,0j
3.36125,0j
3.36,0j
3.35875,0j
3.3575,0j
3.35625,0j
3.355,0j
3.35375,0j
3.3525,0j
3.35125,0j
3.35,0j
3.34875,0j
3.3475,0j
3.34625,0j
3.345,0j
3.34375,0j
3.3425,0j
3.34125,0j
3.34,0j
3.33875,0j
3.3375,0j
3.33625,0j
3.335,0j
3.33375,0j
3.3325,0j
3.33125,0j
3.33,0j
3.32875,0j
3.3275,0j
3.32625,0j
3.325,0j
3.32375,0j
3.3225,0j
3.32125,0j
3.32,0j
3.31875,0j
3.3175,0j
3.31625,0j
3.315,0j
3.31375,0j
3.3125,0j
3.31125,0j
3.31,0j
3.30875,0j
3.3075,0j
3.30625,0j
3.305,0j
3.30375,0j
3.3025,0j
3.30125,0j
3.3,0j
3.29875,0j
3.2975,0j
3.29625,0j
3.295,0j
3.29375,0j
3.2925,0j
3.29125,0j
3.29,0j
3.28875,0j
3.2875,0j
3.28625,0j
3.285,0j
3.28375,0j
3.2825,0j
3.28125,0j
3.28,0j
3.27875,0j
3.2775,0j
3.27625,0j
3.275,0j
3.27375,0j
3.2725,0j
3.27125,0j
3.27,0j
3.26875,0j
3.2675,0j
3.26625,0j
3.265,0j
3.26375,0j
3.2625,0j
3.26125,0j
3.26,0j
3.25875,0j
3.2575,0j
3.25625,0j
3.255,0j
3.25375,0j
3.2525,0j
3.25125,0j
3.25,0j
3.24875,0j
3.2475,0j
3.24625,0j
3.245,0j
3.24375,0j
3.2425,0j
3.24125,0j
3.24,0j
3.23875,0j
3.2375,0j
3.23625,0j
3.235,0j
3.23375,0j
3.2325,0j
3.23125,0j
3.23,0j
3.22875,0j
3.2275,0j
3.22625,0j
3.225,0j
3.22375,0j
3.2225,0j
3.22125,0j
3.22,0j
3.21875,0j
3.2175,0j
3.21625,0j
3.215,0j
3.21375,0j
3.2125,0j
3.21125,0j
3.21,0j
3.20875,0j
3.2075,0j
3.20625,0j
3.205,0j
3.20375,0j
3.2025,0j
3.20125,0j
3.2,0j
3.19875,0j
3.1975,0j
3.19625,0j
3.195,0j
3.19375,0j
3.1925,0j
3.19125,0j
3.19,0j
3.18875,0j
3.1875,0j
3.18625,0j
3.185,0j
3.18375,0j
3.1825,0j
3.18125,0j
3.18,0j
3.17875,0j
3.1775,0j
3.17625,0j
3.175,0j
3.17375,0j
3.1725,0j
3.17125,0j
3.17,0j
3.16875,0j
3.1675,0j
3.16625,0j
3.165,0j
3.16375,0j
3.1625,0j
3.16125,0j
3.16,0j
3.15875,0j
3.1575,0j
3.15625,0j
3.155,0j
3.15375,0j
3.1525,0j
3.15125,0j
3.15,0j
3.14875,0j
3.1475,0j
3.14625,0j
3.145,0j
3.14375,0j
3.1425,0j
3.14125,0j
3.14,0j
3.13875,0j
3.1375,0j
3.13625,0j
3.135,0j
3.13375,0j
3.1325,0j
3.13125,0j
3.13,0j
3.12875,0j
3.1275,0j
3.12625,0j
3.125,0j
3.12375,0j
3.1225,0j
3.12125,0j
3.12,0j
3.11875,0j
3.1175,0j
3.11625,0j
3.115,0j
3.11375,0j
3.1125,0j
3.11125,0j
3.11,0j
3.10875,0j
3.1075,0j
3.10625,0j
3.105,0j
3.10375,0j
3.1025,0j
3.10125,0j
3.1,0j
3.09875,0j
3.0975,0j
3.09625,0j
3.095,0j
3.09375,0j
3.0925,0j
3.09125,0j
3.09,0j
3.08875,0j
3.0875,0j
3.08625,0j
3.085,0j
3.08375,0j
3.0825,0j
3.08125,0j
3.08,0j
3.07875,0j
3.0775,0j
3.07625,0j
3.075,0j
3.07375,0j
3.0725,0j
3.07125,0j
3.07,0j
3.06875,0j
3.0675,0j
3.06625,0j
3.065,0j
3.06375,0j
3.0625,0j
3.06125,0j
3.06,0j
3.05875,0j
3.0575,0j
3.05625,0j
3.055,0j
3.05375,0j
3.0525,0j
3.05125,0j
3.05,0j
3.04875,0j
3.0475,0j
3.04625,0j
3.045,0j
3.04375,0j
3.0425,0j
3.04125,0j
3.04,0j
3.03875,0j
3.0375,0j
3.03625,0j
3.035,0j
3.03375,0j
3.0325,0j
3.03125,0j
3.03,0j
3.02875,0j
3.0275,0j
3.02625,0j
3.025,0j
3.02375,0j
3.0225,0j
3.02125,0j
3.02,0j
3.01875,0j
3.0175,0j
3.01625,0j
3.015,0j
3.01375,0j
3.0125,0j
3.01125,0j
3.01,0j
3.00875,0j
3.0075,0j
3.00625,0j
3.005,0j
3.00375,0j
3.0025,0j
3.00125,0j
3.0,0j
2.99875,0j
2.9975,0j
2.99625,0j
2.995,0j
2.99375,0j
2.9925,0j
2.99125,0j
2.99,0j
2.98875,0j
2.9875,0j
2.98625,0j
2.985,0j
2.98375,0j
2.9825,0j
2.98125,0j
2.98,0j
2.97875,0j
2.9775,0j
2.97625,0j
2.975,0j
2.97375,0j
2.9725,0j
2.97125,0j
2.97,0j
2.96875,0j
2.9675,0j
2.96625,0j
2.965,0j
2.96375,0j
2.9625,0j
2.96125,0j
2.96,0j
2.95875,0j
2.9575,0j
2.95625,0j
2.955,0j
2.95375,0j
2.9525,0j
2.95125,0j
2.95,0j
2.94875,0j
2.9475,0j
2.94625,0j
2.945,0j
2.94375,0j
2.9425,0j
2.94125,0j
2.94,0j
2.93875,0j
2.9375,0j
2.93625,0j
2.935,0j
2.93375,0j
2.9325,0j
2.93125,0j
2.93,0j
2.92875,0j
2.9275,0j
2.92625,0j
2.925,0j
2.92375,0j
2.9225,0j
2.92125,0j
2.92,0j
2.91875,0j
2.9175,0j
2.91625,0j
2.915,0j
2.91375,0j
2.9125,0j
2.91125,0j
2.91,0j
2.90875,0j
2.9075,0j
2.90625,0j
2.905,0j
2.90375,0j
2.9025,0j
2.90125,0j
2.9,0j
2.89875,0j
2.8975,0j
2.89625,0j
2.895,0j
2.89375,0j
2.8925,0j
2.89125,0j
2.89,0j
2.88875,0j
2.8875,0j
2.88625,0j
2.885,0j
2.88375,0j
2.8825,0j
2.88125,0j
2.88,0j
2.87875,0j
2.8775,0j
2.87625,0j
2.875,0j
2.87375,0j
2.8725,0j
2.87125,0j
2.87,0j
2.86875,0j
2.8675,0j
2.86625,0j
2.865,0j
2.86375,0j
2.8625,0j
2.86125,0j
2.86,0j
2.85875,0j
2.8575,0j
2.85625,0j
2.855,0j
2.85375,0j
2.8525,0j
2.85125,0j
2.85,0j
2.84875,0j
2.8475,0j
2.84625,0j
2.845,0j
2.84375,0j
2.8425,0j
2.84125,0j
2.84,0j
2.83875,0j
2.8375,0j
2.83625,0j
2.835,0j
2.83375,0j
2.8325,0j
2.83125,0j
2.83,0j
2.82875,0j
2.8275,0j
2.82625,0j
2.825,0j
2.82375,0j
2.8225,0j
2.82125,0j
2.82,0j
2.81875,0j
2.8175,0j
2.81625,0j
2.815,0j
2.81375,0j
2.8125,0j
2.81125,0j
2.81,0j
2.80875,0j
2.8075,0j
2.80625,0j
2.805,0j
2.80375,0j
2.8025,0j
2.80125,0j
2.8,0j
2.79875,0j
2.7975,0j
2.79625,0j
2.795,0j
2.79375,0j
2.7925,0j
2.79125,0j
2.79,0j
2.78875,0j
2.7875,0j
2.78625,0j
2.785,0j
2.78375,0j
2.7825,0j
2.78125,0j
2.78,0j
2.77875,0j
2.7775,0j
2.77625,0j
2.775,0j
2.77375,0j
2.7725,0j
2.77125,0j
2.77,0j
2.76875,0j
2.7675,0j
2.76625,0j
2.765,0j
2.76375,0j
2.7625,0j
2.76125,0j
2.76,0j
2.75875,0j
2.7575,0j
2.75625,0j
2.755,0j
2.75375,0j
2.7525,0j
2.75125,0j
2.75,0j
2.74875,0j
2.7475,0j
2.74625,0j
2.745,0j
2.74375,0j
2.7425,0j
2.74125,0j
2.74,0j
2.73875,0j
2.7375,0j
2.73625,0j
2.735,0j
2.73375,0j
2.7325,0j
2.73125,0j
2.73,0j
2.72875,0j
2.7275,0j
2.72625,0j
2.725,0j
2.72375,0j
2.7225,0j
2.72125,0j
2.72,0j
2.71875,0j
2.7175,0j
2.71625,0j
2.715,0j
2.71375,0j
2.7125,0j
2.71125,0j
2.71,0j
2.70875,0j
2.7075,0j
2.70625,0j
2.705,0j
2.70375,0j
2.7025,0j
2.70125,0j
2.7,0j
2.69875,0j
2.6975,0j
2.69625,0j
2.695,0j
2.69375,0j
2.6925,0j
2.69125,0j
2.69,0j
2.68875,0j
2.6875,0j
2.68625,0j
2.685,0j
2.68375,0j
2.6825,0j
2.68125,0j
2.68,0j
2.67875,0j
2.6775,0j
2.67625,0j
2.675,0j
2.67375,0j
2.6725,0j
2.67125,0j
2.67,0j
2.66875,0j
2.6675,0j
2.66625,0j
2.665,0j
2.66375,0j
2.6625,0j
2.66125,0j
2.66,0j
2.65875,0j
2.6575,0j
2.65625,0j
2.655,0j
2.65375,0j
2.6525,0j
2.65125,0j
2.65,0j
2.64875,0j
2.6475,0j
2.64625,0j
2.645,0j
2.64375,0j
2.6425,0j
2.64125,0j
2.64,0j
2.63875,0j
2.6375,0j
2.63625,0j
2.635,0j
2.63375,0j
2.6325,0j
2.63125,0j
2.63,0j
2.62875,0j
2.6275,0j
2.62625,0j
2.625,0j
2.62375,0j
2.6225,0j
2.62125,0j
2.62,0j
2.61875,0j
2.6175,0j
2.61625,0j
2.615,0j
2.61375,0j
2.6125,0j
2.61125,0j
2.61,0j
2.60875,0j
2.6075,0j
2.60625,0j
2.605,0j
2.60375,0j
2.6025,0j
2.60125,0j
2.6,0j
2.59875,0j
2.5975,0j
2.59625,0j
2.595,0j
2.59375,0j
2.5925,0j
2.59125,0j
2.59,0j
2.58875,0j
2.5875,0j
2.58625,0j
2.585,0j
2.58375,0j
2.5825,0j
2.58125,0j
2.58,0j
2.57875,0j
2.5775,0j
2.57625,0j
2.575,0j
2.57375,0j
2.5725,0j
2.57125,0j
2.57,0j
2.56875,0j
2.5675,0j
2.56625,0j
2.565,0j
2.56375,0j
2.5625,0j
2.56125,0j
2.56,0j
2.55875,0j
2.5575,0j
2.55625,0j
2.555,0j
2.55375,0j
2.5525,0j
2.55125,0j
2.55,0j
2.54875,0j
2.5475,0j
2.54625,0j
2.545,0j
2.54375,0j
2.5425,0j
2.54125,0j
2.54,0j
2.53875,0j
2.5375,0j
2.53625,0j
2.535,0j
2.53375,0j
2.5325,0j
2.53125,0j
2.53,0j
2.52875,0j
2.5275,0j
2.52625,0j
2.525,0j
2.52375,0j
2.5225,0j
2.52125,0j
2.52,0j
2.51875,0j
2.5175,0j
2.51625,0j
2.515,0j
2.51375,0j
2.5125,0j
2.51125,0j
2.51,0j
2.50875,0j
2.5075,0j
2.50625,0j
2.505,0j
2.50375,0j
2.5025,0j
2.50125,0j
2.5,0j
2.49875,0j
2.4975,0j
2.49625,0j
2.495,0j
2.49375,0j
2.4925,0j
2.49125,0j
2.49,0j
2.48875,0j
2.4875,0j
2.48625,0j
2.485,0j
2.48375,0j
2.4825,0j
2.48125,0j
2.48,0j
2.47875,0j
2.4775,0j
2.47625,0j
2.475,0j
2.47375,0j
2.4725,0j
2.47125,0j
2.47,0j
2.46875,0j
2.4675,0j
2.46625,0j
2.465,0j
2.46375,0j
2.4625,0j
2.46125,0j
2.46,0j
2.45875,0j
2.4575,0j
2.45625,0j
2.455,0j
2.45375,0j
2.4525,0j
2.45125,0j
2.45,0j
2.44875,0j
2.4475,0j
2.44625,0j
2.445,0j
2.44375,0j
2.4425,0j
2.44125,0j
2.44,0j
2.43875,0j
2.4375,0j
2.43625,0j
2.435,0j
2.43375,0j
2.4325,0j
2.43125,0j
2.43,0j
2.42875,0j
2.4275,0j
2.42625,0j
2.425,0j
2.42375,0j
2.4225,0j
2.42125,0j
2.42,0j
2.41875,0j
2.4175,0j
2.41625,0j
2.415,0j
2.41375,0j
2.4125,0j
2.41125,0j
2.41,0j
2.40875,0j
2.4075,0j
2.40625,0j
2.405,0j
2.40375,0j
2.4025,0j
2.40125,0j
2.4,0j
2.39875,0j
2.3975,0j
2.39625,0j
2.395,0j
2.39375,0j
2.3925,0j
2.39125,0j
2.39,0j
2.38875,0j
2.3875,0j
2.38625,0j
2.385,0j
2.38375,0j
2.3825,0j
2.38125,0j
2.38,0j
2.37875,0j
2.3775,0j
2.37625,0j
2.375,0j
2.37375,0j
2.3725,0j
2.37125,0j
2.37,0j
2.36875,0j
2.3675,0j
2.36625,0j
2.365,0j
2.36375,0j
2.3625,0j
2.36125,0j
2.36,0j
2.35875,0j
2.3575,0j
2.35625,0j
2.355,0j
2.35375,0j
2.3525,0j
2.35125,0j
2.35,0j
2.34875,0j
2.3475,0j
2.34625,0j
2.345,0j
2.34375,0j
2.3425,0j
2.34125,0j
2.34,0j
2.33875,0j
2.3375,0j
2.33625,0j
2.335,0j
2.33375,0j
2.3325,0j
2.33125,0j
2.33,0j
2.32875,0j
2.3275,0j
2.32625,0j
2.325,0j
2.32375,0j
2.3225,0j
2.32125,0j
2.32,0j
2.31875,0j
2.3175,0j
2.31625,0j
2.315,0j
2.31375,0j
2.3125,0j
2.31125,0j
2.31,0j
2.30875,0j
2.3075,0j
2.30625,0j
2.305,0j
2.30375,0j
2.3025,0j
2.30125,0j
2.3,0j
2.29875,0j
2.2975,0j
2.29625,0j
2.295,0j
2.29375,0j
2.2925,0j
2.29125,0j
2.29,0j
2.28875,0j
2.2875,0j
2.28625,0j
2.285,0j
2.28375,0j
2.2825,0j
2.28125,0j
2.28,0j
2.27875,0j
2.2775,0j
2.27625,0j
2.275,0j
2.27375,0j
2.2725,0j
2.27125,0j
2.27,0j
2.26875,0j
2.2675,0j
2.26625,0j
2.265,0j
2.26375,0j
2.2625,0j
2.26125,0j
2.26,0j
2.25875,0j
2.2575,0j
2.25625,0j
2.255,0j
2.25375,0j
2.2525,0j
2.25125,0j
2.25,0j
2.24875,0j
2.2475,0j
2.24625,0j
2.245,0j
2.24375,0j
2.2425,0j
2.24125,0j
2.24,0j
2.23875,0j
2.2375,0j
2.23625,0j
2.235,0j
2.23375,0j
2.2325,0j
2.23125,0j
2.23,0j
2.22875,0j
2.2275,0j
2.22625,0j
2.225,0j
2.22375,0j
2.2225,0j
2.22125,0j
2.22,0j
2.21875,0j
2.2175,0j
2.21625,0j
2.215,0j
2.21375,0j
2.2125,0j
2.21125,0j
2.21,0j
2.20875,0j
2.2075,0j
2.20625,0j
2.205,0j
2.20375,0j
2.2025,0j
2.20125,0j
2.2,0j
2.19875,0j
2.1975,0j
2.19625,0j
2.195,0j
2.19375,0j
2.1925,0j
2.19125,0j
2.19,0j
2.18875,0j
2.1875,0j
2.18625,0j
2.185,0j
2.18375,0j
2.1825,0j
2.18125,0j
2.18,0j
2.17875,0j
2.1775,0j
2.17625,0j
2.175,0j
2.17375,0j
2.1725,0j
2.17125,0j
2.17,0j
2.16875,0j
2.1675,0j
2.16625,0j
2.165,0j
2.16375,0j
2.1625,0j
2.16125,0j
2.16,0j
2.15875,0j
2.1575,0j
2.15625,0j
2.155,0j
2.15375,0j
2.1525,0j
2.15125,0j
2.15,0j
2.14875,0j
2.1475,0j
2.14625,0j
2.145,0j
2.14375,0j
2.1425,0j
2.14125,0j
2.14,0j
2.13875,0j
2.1375,0j
2.13625,0j
2.135,0j
2.13375,0j
2.1325,0j
2.13125,0j
2.13,0j
2.12875,0j
2.1275,0j
2.12625,0j
2.125,0j
2.12375,0j
2.1225,0j
2.12125,0j
2.12,0j
2.11875,0j
2.1175,0j
2.11625,0j
2.115,0j
2.11375,0j
2.1125,0j
2.11125,0j
2.11,0j
2.10875,0j
2.1075,0j
2.10625,0j
2.105,0j
2.10375,0j
2.1025,0j
2.10125,0j
2.1,0j
2.09875,0j
2.0975,0j
2.09625,0j
2.095,0j
2.09375,0j
2.0925,0j
2.09125,0j
2.09,0j
2.08875,0j
2.0875,0j
2.08625,0j
2.085,0j
2.08375,0j
2.0825,0j
2.08125,0j
2.08,0j
2.07875,0j
2.0775,0j
2.07625,0j
2.075,0j
2.07375,0j
2.0725,0j
2.07125,0j
2.07,0j
2.06875,0j
2.0675,0j
2.06625,0j
2.065,0j
2.06375,0j
2.0625,0j
2.06125,0j
2.06,0j
2.05875,0j
2.0575,0j
2.05625,0j
2.055,0j
2.05375,0j
2.0525,0j
2.05125,0j
2.05,0j
2.04875,0j
2.0475,0j
2.04625,0j
2.045,0j
2.04375,0j
2.0425,0j
2.04125,0j
2.04,0j
2.03875,0j
2.0375,0j
2.03625,0j
2.035,0j
2.03375,0j
2.0325,0j
2.03125,0j
2.03,0j
2.02875,0j
2.0275,0j
2.02625,0j
2.025,0j
2.02375,0j
2.0225,0j
2.02125,0j
2.02,0j
2.01875,0j
2.0175,0j
2.01625,0j
2.015,0j
2.01375,0j
2.0125,0j
2.01125,0j
2.01,0j
2.00875,0j
2.0075,0j
2.00625,0j
2.005,0j
2.00375,0j
2.0025,0j
2.00125,0j
2.0,0j
1.99875,0j
1.9975,0j
1.99625,0j
1.995,0j
1.99375,0j
1.9925,0j
1.99125,0j
1.99,0j
1.98875,0j
1.9875,0j
1.98625,0j
1.985,0j
1.98375,0j
1.9825,0j
1.98125,0j
1.98,0j
1.97875,0j
1.9775,0j
1.97625,0j
1.975,0j
1.97375,0j
1.9725,0j
1.97125,0j
1.97,0j
1.96875,0j
1.9675,0j
1.96625,0j
1.965,0j
1.96375,0j
1.9625,0j
1.96125,0j
1.96,0j
1.95875,0j
1.9575,0j
1.95625,0j
1.955,0j
1.95375,0j
1.9525,0j
1.95125,0j
1.95,0j
1.94875,0j
1.9475,0j
1.94625,0j
1.945,0j
1.94375,0j
1.9425,0j
1.94125,0j
1.94,0j
1.93875,0j
1.9375,0j
1.93625,0j
1.935,0j
1.93375,0j
1.9325,0j
1.93125,0j
1.93,0j
1.92875,0j
1.9275,0j
1.92625,0j
1.925,0j
1.92375,0j
1.9225,0j
1.92125,0j
1.92,0j
1.91875,0j
1.9175,0j
1.91625,0j
1.915,0j
1.91375,0j
1.9125,0j
1.91125,0j
1.91,0j
1.90875,0j
1.9075,0j
1.90625,0j
1.905,0j
1.90375,0j
1.9025,0j
1.90125,0j
1.9,0j
1.89875,0j
1.8975,0j
1.89625,0j
1.895,0j
1.89375,0j
1.8925,0j
1.89125,0j
1.89,0j
1.88875,0j
1.8875,0j
1.88625,0j
1.885,0j
1.88375,0j
1.8825,0j
1.88125,0j
1.88,0j
1.87875,0j
1.8775,0j
1.87625,0j
1.875,0j
1.87375,0j
1.8725,0j
1.87125,0j
1.87,0j
1.86875,0j
1.8675,0j
1.86625,0j
1.865,0j
1.86375,0j
1.8625,0j
1.86125,0j
1.86,0j
1.85875,0j
1.8575,0j
1.85625,0j
1.855,0j
1.85375,0j
1.8525,0j
1.85125,0j
1.85,0j
1.84875,0j
1.8475,0j
1.84625,0j
1.845,0j
1.84375,0j
1.8425,0j
1.84125,0j
1.84,0j
1.83875,0j
1.8375,0j
1.83625,0j
1.835,0j
1.83375,0j
1.8325,0j
1.83125,0j
1.83,0j
1.82875,0j
1.8275,0j
1.82625,0j
1.825,0j
1.82375,0j
1.8225,0j
1.82125,0j
1.82,0j
1.81875,0j
1.8175,0j
1.81625,0j
1.815,0j
1.81375,0j
1.8125,0j
1.81125,0j
1.81,0j
1.80875,0j
1.8075,0j
1.80625,0j
1.805,0j
1.80375,0j
1.8025,0j
1.80125,0j
1.8,0j
1.79875,0j
1.7975,0j
1.79625,0j
1.795,0j
1.79375,0j
1.7925,0j
1.79125,0j
1.79,0j
1.78875,0j
1.7875,0j
1.78625,0j
1.785,0j
1.78375,0j
1.7825,0j
1.78125,0j
1.78,0j
1.77875,0j
1.7775,0j
1.77625,0j
1.775,0j
1.77375,0j
1.7725,0j
1.77125,0j
1.77,0j
1.76875,0j
1.7675,0j
1.76625,0j
1.765,0j
1.76375,0j
1.7625,0j
1.76125,0j
1.76,0j
1.75875,0j
1.7575,0j
1.75625,0j
1.755,0j
1.75375,0j
1.7525,0j
1.75125,0j
1.75,0j
1.74875,0j
1.7475,0j
1.74625,0j
1.745,0j
1.74375,0j
1.7425,0j
1.74125,0j
1.74,0j
1.73875,0j
1.7375,0j
1.73625,0j
1.735,0j
1.73375,0j
1.7325,0j
1.73125,0j
1.73,0j
1.72875,0j
1.7275,0j
1.72625,0j
1.725,0j
1.72375,0j
1.7225,0j
1.72125,0j
1.72,0j
1.71875,0j
1.7175,0j
1.71625,0j
1.715,0j
1.71375,0j
1.7125,0j
1.71125,0j
1.71,0j
1.70875,0j
1.7075,0j
1.70625,0j
1.705,0j
1.70375,0j
1.7025,0j
1.70125,0j
1.7,0j
1.69875,0j
1.6975,0j
1.69625,0j
1.695,0j
1.69375,0j
1.6925,0j
1.69125,0j
1.69,0j
1.68875,0j
1.6875,0j
1.68625,0j
1.685,0j
1.68375,0j
1.6825,0j
1.68125,0j
1.68,0j
1.67875,0j
1.6775,0j
1.67625,0j
1.675,0j
1.67375,0j
1.6725,0j
1.67125,0j
1.67,0j
1.66875,0j
1.6675,0j
1.66625,0j
1.665,0j
1.66375,0j
1.6625,0j
1.66125,0j
1.66,0j
1.65875,0j
1.6575,0j
1.65625,0j
1.655,0j
1.65375,0j
1.6525,0j
1.65125,0j
1.65,0j
1.64875,0j
1.6475,0j
1.64625,0j
1.645,0j
1.64375,0j
1.6425,0j
1.64125,0j
1.64,0j
1.63875,0j
1.6375,0j
1.63625,0j
1.635,0j
1.63375,0j
1.6325,0j
1.63125,0j
1.63,0j
1.62875,0j
1.6275,0j
1.62625,0j
1.625,0j
1.62375,0j
1.6225,0j
1.62125,0j
1.62,0j
1.61875,0j
1.6175,0j
1.61625,0j
1.615,0j
1.61375,0j
1.6125,0j
1.61125,0j
1.61,0j
1.60875,0j
1.6075,0j
1.60625,0j
1.605,0j
1.60375,0j
1.6025,0j
1.60125,0j
1.6,0j
1.59875,0j
1.5975,0j
1.59625,0j
1.595,0j
1.59375,0j
1.5925,0j
1.59125,0j
1.59,0j
1.58875,0j
1.5875,0j
1.58625,0j
1.585,0j
1.58375,0j
1.5825,0j
1.58125,0j
1.58,0j
1.57875,0j
1.5775,0j
1.57625,0j
1.575,0j
1.57375,0j
1.5725,0j
1.57125,0j
1.57,0j
1.56875,0j
1.5675,0j
1.56625,0j
1.565,0j
1.56375,0j
1.5625,0j
1.56125,0j
1.56,0j
1.55875,0j
1.5575,0j
1.55625,0j
1.555,0j
1.55375,0j
1.5525,0j
1.55125,0j
1.55,0j
1.54875,0j
1.5475,0j
1.54625,0j
1.545,0j
1.54375,0j
1.5425,0j
1.54125,0j
1.54,0j
1.53875,0j
1.5375,0j
1.53625,0j
1.535,0j
1.53375,0j
1.5325,0j
1.53125,0j
1.53,0j
1.52875,0j
1.5275,0j
1.52625,0j
1.525,0j
1.52375,0j
1.5225,0j
1.52125,0j
1.52,0j
1.51875,0j
1.5175,0j
1.51625,0j
1.515,0j
1.51375,0j
1.5125,0j
1.51125,0j
1.51,0j
1.50875,0j
1.5075,0j
1.50625,0j
1.505,0j
1.50375,0j
1.5025,0j
1.50125,0j
1.5,0j
1.49875,0j
1.4975,0j
1.49625,0j
1.495,0j
1.49375,0j
1.4925,0j
1.49125,0j
1.49,0j
1.48875,0j
1.4875,0j
1.48625,0j
1.485,0j
1.48375,0j
1.4825,0j
1.48125,0j
1.48,0j
1.47875,0j
1.4775,0j
1.47625,0j
1.475,0j
1.47375,0j
1.4725,0j
1.47125,0j
1.47,0j
1.46875,0j
1.4675,0j
1.46625,0j
1.465,0j
1.46375,0j
1.4625,0j
1.46125,0j
1.46,0j
1.45875,0j
1.4575,0j
1.45625,0j
1.455,0j
1.45375,0j
1.4525,0j
1.45125,0j
1.45,0j
1.44875,0j
1.4475,0j
1.44625,0j
1.445,0j
1.44375,0j
1.4425,0j
1.44125,0j
1.44,0j
1.43875,0j
1.4375,0j
1.43625,0j
1.435,0j
1.43375,0j
1.4325,0j
1.43125,0j
1.43,0j
1.42875,0j
1.4275,0j
1.42625,0j
1.425,0j
1.42375,0j
1.4225,0j
1.42125,0j
1.42,0j
1.41875,0j
1.4175,0j
1.41625,0j
1.415,0j
1.41375,0j
1.4125,0j
1.41125,0j
1.41,0j
1.40875,0j
1.4075,0j
1.40625,0j
1.405,0j
1.40375,0j
1.4025,0j
1.40125,0j
1.4,0j
1.39875,0j
1.3975,0j
1.39625,0j
1.395,0j
1.39375,0j
1.3925,0j
1.39125,0j
1.39,0j
1.38875,0j
1.3875,0j
1.38625,0j
1.385,0j
1.38375,0j
1.3825,0j
1.38125,0j
1.38,0j
1.37875,0j
1.3775,0j
1.37625,0j
1.375,0j
1.37375,0j
1.3725,0j
1.37125,0j
1.37,0j
1.36875,0j
1.3675,0j
1.36625,0j
1.365,0j
1.36375,0j
1.3625,0j
1.36125,0j
1.36,0j
1.35875,0j
1.3575,0j
1.35625,0j
1.355,0j
1.35375,0j
1.3525,0j
1.35125,0j
1.35,0j
1.34875,0j
1.3475,0j
1.34625,0j
1.345,0j
1.34375,0j
1.3425,0j
1.34125,0j
1.34,0j
1.33875,0j
1.3375,0j
1.33625,0j
1.335,0j
1.33375,0j
1.3325,0j
1.33125,0j
1.33,0j
1.32875,0j
1.3275,0j
1.32625,0j
1.325,0j
1.32375,0j
1.3225,0j
1.32125,0j
1.32,0j
1.31875,0j
1.3175,0j
1.31625,0j
1.315,0j
1.31375,0j
1.3125,0j
1.31125,0j
1.31,0j
1.30875,0j
1.3075,0j
1.30625,0j
1.305,0j
1.30375,0j
1.3025,0j
1.30125,0j
1.3,0j
1.29875,0j
1.2975,0j
1.29625,0j
1.295,0j
1.29375,0j
1.2925,0j
1.29125,0j
1.29,0j
1.28875,0j
1.2875,0j
1.28625,0j
1.285,0j
1.28375,0j
1.2825,0j
1.28125,0j
1.28,0j
1.27875,0j
1.2775,0j
1.27625,0j
1.275,0j
1.27375,0j
1.2725,0j
1.27125,0j
1.27,0j
1.26875,0j
1.2675,0j
1.26625,0j
1.265,0j
1.26375,0j
1.2625,0j
1.26125,0j
1.26,0j
1.25875,0j
1.2575,0j
1.25625,0j
1.255,0j
1.25375,0j
1.2525,0j
1.25125,0j
1.25,0j
1.24875,0j
1.2475,0j
1.24625,0j
1.245,0j
1.24375,0j
1.2425,0j
1.24125,0j
1.24,0j
1.23875,0j
1.2375,0j
1.23625,0j
1.235,0j
1.23375,0j
1.2325,0j
1.23125,0j
1.23,0j
1.22875,0j
1.2275,0j
1.22625,0j
1.225,0j
1.22375,0j
1.2225,0j
1.22125,0j
1.22,0j
1.21875,0j
1.2175,0j
1.21625,0j
1.215,0j
1.21375,0j
1.2125,0j
1.21125,0j
1.21,0j
1.20875,0j
1.2075,0j
1.20625,0j
1.205,0j
1.20375,0j
1.2025,0j
1.20125,0j
1.2,0j
1.19875,0j
1.1975,0j
1.19625,0j
1.195,0j
1.19375,0j
1.1925,0j
1.19125,0j
1.19,0j
1.18875,0j
1.1875,0j
1.18625,0j
1.185,0j
1.18375,0j
1.1825,0j
1.18125,0j
1.18,0j
1.17875,0j
1.1775,0j
1.17625,0j
1.175,0j
1.17375,0j
1.1725,0j
1.17125,0j
1.17,0j
1.16875,0j
1.1675,0j
1.16625,0j
1.165,0j
1.16375,0j
1.1625,0j
1.16125,0j
1.16,0j
1.15875,0j
1.1575,0j
1.15625,0j
1.155,0j
1.15375,0j
1.1525,0j
1.15125,0j
1.15,0j
1.14875,0j
1.1475,0j
1.14625,0j
1.145,0j
1.14375,0j
1.1425,0j
1.14125,0j
1.14,0j
1.13875,0j
1.1375,0j
1.13625,0j
1.135,0j
1.13375,0j
1.1325,0j
1.13125,0j
1.13,0j
1.12875,0j
1.1275,0j
1.12625,0j
1.125,0j
1.12375,0j
1.1225,0j
1.12125,0j
1.12,0j
1.11875,0j
1.1175,0j
1.11625,0j
1.115,0j
1.11375,0j
1.1125,0j
1.11125,0j
1.11,0j
1.10875,0j
1.1075,0j
1.10625,0j
1.105,0j
1.10375,0j
1.1025,0j
1.10125,0j
1.1,0j
1.09875,0j
1.0975,0j
1.09625,0j
1.095,0j
1.09375,0j
1.0925,0j
1.09125,0j
1.09,0j
1.08875,0j
1.0875,0j
1.08625,0j
1.085,0j
1.08375,0j
1.0825,0j
1.08125,0j
1.08,0j
1.07875,0j
1.0775,0j
1.07625,0j
1.075,0j
1.07375,0j
1.0725,0j
1.07125,0j
1.07,0j
1.06875,0j
1.0675,0j
1.06625,0j
1.065,0j
1.06375,0j
1.0625,0j
1.06125,0j
1.06,0j
1.05875,0j
1.0575,0j
1.05625,0j
1.055,0j
1.05375,0j
1.0525,0j
1.05125,0j
1.05,0j
1.04875,0j
1.0475,0j
1.04625,0j
1.045,0j
1.04375,0j
1.0425,0j
1.04125,0j
1.04,0j
1.03875,0j
1.0375,0j
1.03625,0j
1.035,0j
1.03375,0j
1.0325,0j
1.03125,0j
1.03,0j
1.02875,0j
1.0275,0j
1.02625,0j
1.025,0j
1.02375,0j
1.0225,0j
1.02125,0j
1.02,0j
1.01875,0j
1.0175,0j
1.01625,0j
1.015,0j
1.01375,0j
1.0125,0j
1.01125,0j
1.01,0j
1.00875,0j
1.0075,0j
1.00625,0j
1.005,0j
1.00375,0j
1.0025,0j
1.00125,0j
1.0,0j
0.9987500000000002,0j
0.9974999999999996,0j
0.99625,0j
0.995,0j
0.9937500000000004,0j
0.9924999999999996,0j
0.99125,0j
0.9900000000000002,0j
0.9887499999999996,0j
0.9874999999999998,0j
0.98625,0j
0.9850000000000004,0j
0.9837499999999996,0j
0.9825,0j
0.9812500000000002,0j
0.9800000000000004,0j
0.9787499999999998,0j
0.9775,0j
0.9762500000000004,0j
0.9749999999999996,0j
0.97375,0j
0.9725,0j
0.9712500000000004,0j
0.9699999999999998,0j
0.96875,0j
0.9675000000000002,0j
0.9662499999999996,0j
0.965,0j
0.96375,0j
0.9625000000000004,0j
0.9612499999999996,0j
0.96,0j
0.9587500000000002,0j
0.9574999999999996,0j
0.9562499999999998,0j
0.955,0j
0.9537500000000004,0j
0.9524999999999996,0j
0.95125,0j
0.9500000000000002,0j
0.9487500000000004,0j
0.9474999999999998,0j
0.94625,0j
0.9450000000000004,0j
0.9437499999999996,0j
0.9425,0j
0.94125,0j
0.9400000000000004,0j
0.9387499999999998,0j
0.9375,0j
0.9362500000000002,0j
0.9349999999999996,0j
0.93375,0j
0.9325,0j
0.9312500000000004,0j
0.9299999999999996,0j
0.92875,0j
0.9275000000000002,0j
0.9262499999999996,0j
0.9249999999999998,0j
0.92375,0j
0.9225000000000004,0j
0.9212499999999996,0j
0.92,0j
0.9187500000000002,0j
0.9175000000000004,0j
0.9162499999999998,0j
0.915,0j
0.9137500000000004,0j
0.9124999999999996,0j
0.91125,0j
0.91,0j
0.9087500000000004,0j
0.9074999999999998,0j
0.90625,0j
0.9050000000000002,0j
0.9037499999999996,0j
0.9025,0j
0.90125,0j
0.9000000000000004,0j
0.8987499999999997,0j
0.8975,0j
0.8962500000000002,0j
0.8949999999999996,0j
0.8937499999999998,0j
0.8925000000000001,0j
0.8912500000000003,0j
0.8899999999999997,0j
0.8887499999999999,0j
0.8875000000000002,0j
0.8862500000000004,0j
0.8849999999999998,0j
0.88375,0j
0.8825000000000003,0j
0.8812499999999996,0j
0.8799999999999999,0j
0.8787500000000001,0j
0.8775000000000004,0j
0.8762499999999998,0j
0.875,0j
0.8737500000000002,0j
0.8724999999999996,0j
0.8712499999999999,0j
0.8700000000000001,0j
0.8687500000000004,0j
0.8674999999999997,0j
0.86625,0j
0.8650000000000002,0j
0.8637499999999996,0j
0.8624999999999998,0j
0.8612500000000001,0j
0.8600000000000003,0j
0.8587499999999997,0j
0.8574999999999999,0j
0.8562500000000002,0j
0.8550000000000004,0j
0.8537499999999998,0j
0.8525,0j
0.8512500000000003,0j
0.8499999999999996,0j
0.8487499999999999,0j
0.8475000000000001,0j
0.8462500000000004,0j
0.8449999999999998,0j
0.84375,0j
0.8425000000000002,0j
0.8412499999999996,0j
0.8399999999999999,0j
0.8387500000000001,0j
0.8375000000000004,0j
0.8362499999999997,0j
0.835,0j
0.8337500000000002,0j
0.8324999999999996,0j
0.8312499999999998,0j
0.8300000000000001,0j
0.8287500000000003,0j
0.8274999999999997,0j
0.8262499999999999,0j
0.8250000000000002,0j
0.8237500000000004,0j
0.8224999999999998,0j
0.82125,0j
0.8200000000000003,0j
0.8187499999999996,0j
0.8174999999999999,0j
0.8162500000000001,0j
0.8150000000000004,0j
0.8137499999999998,0j
0.8125,0j
0.8112500000000002,0j
0.8099999999999996,0j
0.8087499999999999,0j
0.8075000000000001,0j
0.8062500000000004,0j
0.8049999999999997,0j
0.80375,0j
0.8025000000000002,0j
0.8012499999999996,0j
0.7999999999999998,0j
0.7987500000000001,0j
0.7975000000000003,0j
0.7962499999999997,0j
0.7949999999999999,0j
0.7937500000000002,0j
0.7925000000000004,0j
0.7912499999999998,0j
0.79,0j
0.7887500000000003,0j
0.7874999999999996,0j
0.7862499999999999,0j
0.7850000000000001,0j
0.7837500000000004,0j
0.7824999999999998,0j
0.78125,0j
0.7800000000000002,0j
0.7787499999999996,0j
0.7774999999999999,0j
0.7762500000000001,0j
0.7750000000000004,0j
0.7737499999999997,0j
0.7725,0j
0.7712500000000002,0j
0.7699999999999996,0j
0.7687499999999998,0j
0.7675000000000001,0j
0.7662500000000003,0j
0.7649999999999997,0j
0.7637499999999999,0j
0.7625000000000002,0j
0.7612500000000004,0j
0.7599999999999998,0j
0.75875,0j
0.7575000000000003,0j
0.7562499999999996,0j
0.7549999999999999,0j
0.7537500000000001,0j
0.7525000000000004,0j
0.7512499999999998,0j
0.75,0j
0.7487500000000002,0j
0.7474999999999996,0j
0.7462499999999999,0j
0.7450000000000001,0j
0.7437500000000004,0j
0.7424999999999997,0j
0.74125,0j
0.7400000000000002,0j
0.7387499999999996,0j
0.7374999999999998,0j
0.7362500000000001,0j
0.7350000000000003,0j
0.7337499999999997,0j
0.7324999999999999,0j
0.7312500000000002,0j
0.7300000000000004,0j
0.7287499999999998,0j
0.7275,0j
0.7262500000000003,0j
0.7249999999999996,0j
0.7237499999999999,0j
0.7225000000000001,0j
0.7212500000000004,0j
0.7199999999999998,0j
0.71875,0j
0.7175000000000002,0j
0.7162499999999996,0j
0.7149999999999999,0j
0.7137500000000001,0j
0.7125000000000004,0j
0.7112499999999997,0j
0.71,0j
0.7087500000000002,0j
0.7074999999999996,0j
0.7062499999999998,0j
0.7050000000000001,0j
0.7037500000000003,0j
0.7024999999999997,0j
0.7012499999999999,0j
0.7000000000000002,0j
0.6987500000000004,0j
0.6974999999999998,0j
0.69625,0j
0.6950000000000003,0j
0.6937499999999996,0j
0.6924999999999999,0j
0.6912500000000001,0j
0.6900000000000004,0j
0.6887499999999998,0j
0.6875,0j
0.6862500000000002,0j
0.6849999999999996,0j
0.6837499999999999,0j
0.6825000000000001,0j
0.6812500000000004,0j
0.6799999999999997,0j
0.67875,0j
0.6775000000000002,0j
0.6762499999999996,0j
0.6749999999999998,0j
0.6737500000000001,0j
0.6725000000000003,0j
0.6712499999999997,0j
0.6699999999999999,0j
0.6687500000000002,0j
0.6675000000000004,0j
0.6662499999999998,0j
0.665,0j
0.6637500000000003,0j
0.6624999999999996,0j
0.6612499999999999,0j
0.6600000000000001,0j
0.6587500000000004,0j
0.6574999999999998,0j
0.65625,0j
0.6550000000000002,0j
0.6537499999999996,0j
0.6524999999999999,0j
0.6512500000000001,0j
0.6500000000000004,0j
0.6487499999999997,0j
0.6475,0j
0.6462500000000002,0j
0.6449999999999996,0j
0.6437499999999998,0j
0.6425000000000001,0j
0.6412500000000003,0j
0.6399999999999997,0j
0.6387499999999999,0j
0.6375000000000002,0j
0.6362500000000004,0j
0.6349999999999998,0j
0.63375,0j
0.6325000000000003,0j
0.6312499999999996,0j
0.6299999999999999,0j
0.6287500000000001,0j
0.6275000000000004,0j
0.6262499999999998,0j
0.625,0j
0.6237500000000002,0j
0.6224999999999996,0j
0.6212499999999999,0j
0.6200000000000001,0j
0.6187500000000004,0j
0.6174999999999997,0j
0.61625,0j
0.6150000000000002,0j
0.6137499999999996,0j
0.6124999999999998,0j
0.6112500000000001,0j
0.6100000000000003,0j
0.6087499999999997,0j
0.6074999999999999,0j
0.6062500000000002,0j
0.6050000000000004,0j
0.6037499999999998,0j
0.6025,0j
0.6012500000000003,0j
0.5999999999999996,0j
0.5987499999999999,0j
0.5975000000000001,0j
0.5962500000000004,0j
0.5949999999999998,0j
0.59375,0j
0.5925000000000002,0j
0.5912499999999996,0j
0.5899999999999999,0j
0.5887500000000001,0j
0.5875000000000004,0j
0.5862499999999997,0j
0.585,0j
0.5837500000000002,0j
0.5824999999999996,0j
0.5812499999999998,0j
0.5800000000000001,0j
0.5787500000000003,0j
0.5774999999999997,0j
0.5762499999999999,0j
0.5750000000000002,0j
0.5737500000000004,0j
0.5724999999999998,0j
0.57125,0j
0.5700000000000003,0j
0.5687499999999996,0j
0.5674999999999999,0j
0.5662500000000001,0j
0.5650000000000004,0j
0.5637499999999998,0j
0.5625,0j
0.5612500000000002,0j
0.5599999999999996,0j
0.5587499999999999,0j
0.5575000000000001,0j
0.5562500000000004,0j
0.5549999999999997,0j
0.55375,0j
0.5525000000000002,0j
0.5512499999999996,0j
0.5499999999999998,0j
0.5487500000000001,0j
0.5475000000000003,0j
0.5462499999999997,0j
0.5449999999999999,0j
0.5437500000000002,0j
0.5425000000000004,0j
0.5412499999999998,0j
0.54,0j
0.5387500000000003,0j
0.5374999999999996,0j
0.5362499999999999,0j
0.5350000000000001,0j
0.5337500000000004,0j
0.5324999999999998,0j
0.53125,0j
0.5300000000000002,0j
0.5287499999999996,0j
0.5274999999999999,0j
0.5262500000000001,0j
0.5250000000000004,0j
0.5237499999999997,0j
0.5225,0j
0.5212500000000002,0j
0.5199999999999996,0j
0.5187499999999998,0j
0.5175000000000001,0j
0.5162500000000003,0j
0.5149999999999997,0j
0.5137499999999999,0j
0.5125000000000002,0j
0.5112500000000004,0j
0.5099999999999998,0j
0.50875,0j
0.5075000000000003,0j
0.5062499999999996,0j
0.5049999999999999,0j
0.5037500000000001,0j
0.5025000000000004,0j
0.5012499999999998,0j
0.5,0j
0.4987500000000002,0j
0.4974999999999996,0j
0.4962499999999999,0j
0.4950000000000001,0j
0.4937500000000004,0j
0.4924999999999997,0j
0.49125,0j
0.4900000000000002,0j
0.4887499999999996,0j
0.4874999999999998,0j
0.4862500000000001,0j
0.4850000000000003,0j
0.4837499999999997,0j
0.4824999999999999,0j
0.4812500000000002,0j
0.4800000000000004,0j
0.4787499999999998,0j
0.4775,0j
0.4762500000000003,0j
0.4749999999999996,0j
0.4737499999999999,0j
0.4725000000000001,0j
0.4712500000000004,0j
0.4699999999999998,0j
0.46875,0j
0.4675000000000002,0j
0.4662499999999996,0j
0.4649999999999999,0j
0.4637500000000001,0j
0.4625000000000004,0j
0.4612499999999997,0j
0.46,0j
0.4587500000000002,0j
0.4574999999999996,0j
0.4562499999999998,0j
0.4550000000000001,0j
0.4537500000000003,0j
0.4524999999999997,0j
0.4512499999999999,0j
0.4500000000000002,0j
0.4487500000000004,0j
0.4474999999999998,0j
0.44625,0j
0.4450000000000003,0j
0.4437499999999996,0j
0.4424999999999999,0j
0.4412500000000001,0j
0.4400000000000004,0j
0.4387499999999998,0j
0.4375,0j
0.4362500000000002,0j
0.4349999999999996,0j
0.4337499999999999,0j
0.4325000000000001,0j
0.4312500000000004,0j
0.4299999999999997,0j
0.42875,0j
0.4275000000000002,0j
0.4262499999999996,0j
0.4249999999999998,0j
0.4237500000000001,0j
0.4225000000000003,0j
0.4212499999999997,0j
0.4199999999999999,0j
0.4187500000000002,0j
0.4175000000000004,0j
0.4162499999999998,0j
0.415,0j
0.4137500000000003,0j
0.4124999999999996,0j
0.4112499999999999,0j
0.4100000000000001,0j
0.4087500000000004,0j
0.4074999999999998,0j
0.40625,0j
0.4050000000000002,0j
0.4037499999999996,0j
0.4024999999999999,0j
0.4012500000000001,0j
0.4000000000000004,0j
0.3987499999999997,0j
0.3975,0j
0.3962500000000002,0j
0.3949999999999996,0j
0.3937499999999998,0j
0.3925000000000001,0j
0.3912500000000003,0j
0.3899999999999997,0j
0.3887499999999999,0j
0.3875000000000002,0j
0.3862500000000004,0j
0.3849999999999998,0j
0.38375,0j
0.3825000000000003,0j
0.3812499999999996,0j
0.3799999999999999,0j
0.3787500000000001,0j
0.3775000000000004,0j
0.3762499999999998,0j
0.375,0j
0.3737500000000002,0j
0.3724999999999996,0j
0.3712499999999999,0j
0.3700000000000001,0j
0.3687500000000004,0j
0.3674999999999997,0j
0.36625,0j
0.3650000000000002,0j
0.3637499999999996,0j
0.3624999999999998,0j
0.3612500000000001,0j
0.3600000000000003,0j
0.3587499999999997,0j
0.3574999999999999,0j
0.3562500000000002,0j
0.3550000000000004,0j
0.3537499999999998,0j
0.3525,0j
0.3512500000000003,0j
0.3499999999999996,0j
0.3487499999999999,0j
0.3475000000000001,0j
0.3462500000000004,0j
0.3449999999999998,0j
0.34375,0j
0.3425000000000002,0j
0.3412499999999996,0j
0.3399999999999999,0j
0.3387500000000001,0j
0.3375000000000004,0j
0.3362499999999997,0j
0.335,0j
0.3337500000000002,0j
0.3324999999999996,0j
0.3312499999999998,0j
0.3300000000000001,0j
0.3287500000000003,0j
0.3274999999999997,0j
0.3262499999999999,0j
0.3250000000000002,0j
0.3237500000000004,0j
0.3224999999999998,0j
0.32125,0j
0.3200000000000003,0j
0.3187499999999996,0j
0.3174999999999999,0j
0.3162500000000001,0j
0.3150000000000004,0j
0.3137499999999998,0j
0.3125,0j
0.3112500000000002,0j
0.3099999999999996,0j
0.3087499999999999,0j
0.3075000000000001,0j
0.3062500000000004,0j
0.3049999999999997,0j
0.30375,0j
0.3025000000000002,0j
0.3012499999999996,0j
0.2999999999999998,0j
0.2987500000000001,0j
0.2975000000000003,0j
0.2962499999999997,0j
0.2949999999999999,0j
0.2937500000000002,0j
0.2925000000000004,0j
0.2912499999999998,0j
0.29,0j
0.2887500000000003,0j
0.2874999999999996,0j
0.2862499999999999,0j
0.2850000000000001,0j
0.2837500000000004,0j
0.2824999999999998,0j
0.28125,0j
0.2800000000000002,0j
0.2787499999999996,0j
0.2774999999999999,0j
0.2762500000000001,0j
0.2750000000000004,0j
0.2737499999999997,0j
0.2725,0j
0.2712500000000002,0j
0.2699999999999996,0j
0.2687499999999998,0j
0.2675000000000001,0j
0.2662500000000003,0j
0.2649999999999997,0j
0.2637499999999999,0j
0.2625000000000002,0j
0.2612500000000004,0j
0.2599999999999998,0j
0.25875,0j
0.2575000000000003,0j
0.2562499999999996,0j
0.2549999999999999,0j
0.2537500000000001,0j
0.2525000000000004,0j
0.2512499999999998,0j
0.25,0j
0.2487500000000002,0j
0.2474999999999996,0j
0.2462499999999999,0j
0.2450000000000001,0j
0.2437500000000004,0j
0.2424999999999997,0j
0.24125,0j
0.2400000000000002,0j
0.2387499999999996,0j
0.2374999999999998,0j
0.2362500000000001,0j
0.2350000000000003,0j
0.2337499999999997,0j
0.2324999999999999,0j
0.2312500000000002,0j
0.2300000000000004,0j
0.2287499999999998,0j
0.2275,0j
0.2262500000000003,0j
0.2249999999999996,0j
0.2237499999999999,0j
0.2225000000000001,0j
0.2212500000000004,0j
0.2199999999999998,0j
0.21875,0j
0.2175000000000002,0j
0.2162499999999996,0j
0.2149999999999999,0j
0.2137500000000001,0j
0.2125000000000004,0j
0.2112499999999997,0j
0.21,0j
0.2087500000000002,0j
0.2074999999999996,0j
0.2062499999999998,0j
0.2050000000000001,0j
0.2037500000000003,0j
0.2024999999999997,0j
0.2012499999999999,0j
0.2000000000000002,0j
0.1987500000000004,0j
0.1974999999999998,0j
0.19625,0j
0.1950000000000003,0j
0.1937499999999996,0j
0.1924999999999999,0j
0.1912500000000001,0j
0.1900000000000004,0j
0.1887499999999998,0j
0.1875,0j
0.1862500000000002,0j
0.1849999999999996,0j
0.1837499999999999,0j
0.1825000000000001,0j
0.1812500000000004,0j
0.1799999999999997,0j
0.17875,0j
0.1775000000000002,0j
0.1762499999999996,0j
0.1749999999999998,0j
0.1737500000000001,0j
0.1725000000000003,0j
0.1712499999999997,0j
0.1699999999999999,0j
0.1687500000000002,0j
0.1675000000000004,0j
0.1662499999999998,0j
0.165,0j
0.1637500000000003,0j
0.1624999999999996,0j
0.1612499999999999,0j
0.1600000000000001,0j
0.1587500000000004,0j
0.1574999999999998,0j
0.15625,0j
0.1550000000000002,0j
0.1537499999999996,0j
0.1524999999999999,0j
0.1512500000000001,0j
0.1500000000000004,0j
0.1487499999999997,0j
0.1475,0j
0.1462500000000002,0j
0.1449999999999996,0j
0.1437499999999998,0j
0.1425000000000001,0j
0.1412500000000003,0j
0.1399999999999997,0j
0.1387499999999999,0j
0.1375000000000002,0j
0.1362500000000004,0j
0.1349999999999998,0j
0.13375,0j
0.1325000000000003,0j
0.1312499999999996,0j
0.1299999999999999,0j
0.1287500000000001,0j
0.1275000000000004,0j
0.1262499999999998,0j
0.125,0j
0.1237500000000002,0j
0.1224999999999996,0j
0.1212499999999999,0j
0.1200000000000001,0j
0.1187500000000004,0j
0.1174999999999997,0j
0.11625,0j
0.1150000000000002,0j
0.1137499999999996,0j
0.1124999999999998,0j
0.1112500000000001,0j
0.1100000000000003,0j
0.1087499999999997,0j
0.1074999999999999,0j
0.1062500000000002,0j
0.1050000000000004,0j
0.1037499999999998,0j
0.1025,0j
0.1012500000000003,0j
0.0999999999999996,0j
0.0987499999999998,0j
0.0975000000000001,0j
0.0962500000000003,0j
0.0949999999999997,0j
0.09375,0j
0.0925000000000002,0j
0.0912499999999996,0j
0.0899999999999998,0j
0.0887500000000001,0j
0.0875000000000003,0j
0.0862499999999997,0j
0.0849999999999999,0j
0.0837500000000002,0j
0.0824999999999995,0j
0.0812499999999998,0j
0.08,0j
0.0787500000000003,0j
0.0774999999999996,0j
0.0762499999999999,0j
0.0750000000000001,0j
0.0737500000000004,0j
0.0724999999999997,0j
0.07125,0j
0.0700000000000002,0j
0.0687499999999996,0j
0.0674999999999998,0j
0.0662500000000001,0j
0.0650000000000003,0j
0.0637499999999997,0j
0.0625,0j
0.0612500000000002,0j
0.0599999999999996,0j
0.0587499999999998,0j
0.0575000000000001,0j
0.0562500000000003,0j
0.0549999999999997,0j
0.0537499999999999,0j
0.0525000000000002,0j
0.0512499999999995,0j
0.0499999999999998,0j
0.04875,0j
0.0475000000000003,0j
0.0462499999999996,0j
0.0449999999999999,0j
0.0437500000000001,0j
0.0425000000000004,0j
0.0412499999999997,0j
0.04,0j
0.0387500000000002,0j
0.0374999999999996,0j
0.0362499999999998,0j
0.0350000000000001,0j
0.0337500000000003,0j
0.0324999999999997,0j
0.03125,0j
0.0300000000000002,0j
0.0287499999999996,0j
0.0274999999999998,0j
0.0262500000000001,0j
0.0250000000000003,0j
0.0237499999999997,0j
0.0224999999999999,0j
0.0212500000000002,0j
0.0199999999999995,0j
0.0187499999999998,0j
0.0175,0j
0.0162500000000003,0j
0.0149999999999996,0j
0.0137499999999999,0j
0.0125000000000001,0j
0.0112500000000004,0j
0.0099999999999997,0j
0.00875,0j
0.0075000000000002,0j
0.0062499999999996,0j
0.0049999999999998,0j
0.0037500000000001,0j
0.0025000000000003,0j
0.0012499999999997,0j
